"Id","baseMean","log2foldchange.LLO.vs.Neg","BH.adjusted.p.values","LLO1_raw","LLO2_raw","LLO3_raw","Neg1_raw","Neg2_raw","Neg3_raw","LLO1_norm","LLO2_norm","LLO3_norm","Neg1_norm","Neg2_norm","Neg3_norm"
"78","ENSG00000125740",37699.8079986908,7.02094193860272,0,1380,1344,928,2573,2081,2468,1331.29785089744,1245.03473047441,953.647418916667,2813.30276284396,2303.10733286257,2124.88786705636
"131","ENSG00000087074",29532.0822066349,1.38668116514116,2.4987864902165e-15,22,21,44,6,8,13,21.2235889273505,19.4536676636627,45.2160414141523,6.56036400196805,8.85384846847698,11.1926832543487
"195","ENSG00000162772",20788.4802930783,2.142611640133,1.03493843026083e-33,2400,2418,2801,683,657,672,2315.30061025642,2239.95087670174,2878.41209093274,746.788102224029,727.122305473672,578.575626686334
"237","ENSG00000160888",17382.805769463,1.39508313938417,7.11919915667114e-12,27,27,36,9,4,13,26.0471318653847,25.0118584247092,36.9949429752155,9.84054600295207,4.42692423423849,11.1926832543487
"335","ENSG00000175592",14556.1294427151,1.30533483829022,2.36672182771249e-13,3568,4807,3767,1042,2004,2390,3442.08024058121,4453.03716472508,3871.10972743436,1139.31654834178,2217.88904135348,2057.73176753027
"534","ENSG00000164442",13763.552177568,1.46879894973411,1.25689739647392e-18,1864,1754,1502,721,675,828,1798.21680729915,1624.84443247926,1543.51123191038,788.337074236494,747.043464527745,712.887825738519
"564","ENSG00000134294",13017.4654879602,1.0159801346705,8.94020065678106e-05,14,13,16,3,0,0,13.5059202264958,12.0427466489341,16.4421968778736,3.28018200098402,0,0
"1061","ENSG00000171223",11950.5759859505,1.26861908934103,1.9744685232829e-08,110,117,143,24,25,38,106.117944636753,108.384719840407,146.952134595995,26.2414560078722,27.6682764639906,32.7170741280963
"1115","ENSG00000251562",11519.6571489498,1.05860027776402,0.00169756664902502,4307,4329,3622,2178,1559,2026,4154.99988682267,4010.23463409505,3722.10231822863,2381.4121327144,1725.39372029445,1744.3366364085
"1162","ENSG00000177606",11422.599469825,2.08166624928073,8.11765839547437e-30,21,11,17,0,0,0,20.2588803397437,10.1900163952519,17.4698341827407,0,0,0
"1240","ENSG00000148339",8838.52907906973,1.25758448725956,3.94975940219602e-11,2526,3001,2007,513,984,1215,2436.85389229488,2780.02174565009,2062.46807086827,560.911122168268,1089.02336162267,1046.08539646413
"1315","ENSG00000204569",8689.18647407974,1.13228325493,4.07966475638212e-11,1713,1545,2355,876,593,945,1652.54581057052,1431.23412096947,2420.08585296202,957.813144287335,656.291517725856,813.621975027658
"1656","ENSG00000134531",8442.39492243734,1.14567927113087,9.02305581133209e-09,2221,2620,1948,550,890,961,2142.6177730748,2427.07663232364,2001.83746988111,601.366700180404,984.990642118064,827.397585186856
"1658","ENSG00000183864",7399.92618132971,1.00105505057826,2.84361589450526e-08,74,78,100,12,16,20,71.3884354829063,72.2564798936044,102.76373048671,13.1207280039361,17.707696936954,17.219512698998
"1715","ENSG00000123358",7352.52702073847,1.51378469796768,8.08561600209874e-22,45765,45204,41013,16931,15414,15621,44149.8885118271,41875.4091937243,42146.4887845143,18512.2538195535,17059.152536638,13449.3003935524
"1753","ENSG00000132510",6793.76983641167,1.20832789263393,7.19610753220705e-12,33,37,24,5,12,12,31.8353833910258,34.27550969312,24.6632953168103,5.46697000164004,13.2807727027155,10.3317076193988
"1782","ENSG00000122257",6691.85591210593,1.19229975944068,1.27350152879406e-09,928,1040,800,382,286,396,895.249569299149,963.419731914726,822.109843893678,417.676508125299,316.525082748052,340.946351440161
"1848","ENSG00000144655",6658.68776264731,1.86590756227669,3.9365880890297e-24,112,143,224,13,12,22,108.047361811966,132.470213138275,230.19075629023,14.2141220042641,13.2807727027155,18.9414639688978
"2066","ENSG00000177494",6166.10331589948,-1.27409639727307,2.26411522582342e-09,3295,3742,2949,971,1654,1783,3178.71479616454,3466.45830463933,3030.50241205307,1061.6855743185,1830.53317085762,1535.11955711568
"2150","ENSG00000185022",5579.95139020967,1.76681646379989,1.99134771086807e-22,16,25,26,3,5,1,15.4353374017095,23.1591281710271,26.7185699265445,3.28018200098402,5.53365529279811,0.860975634949902
"2493","ENSG00000136826",5478.4254349863,1.8903043153261,2.86311813612909e-34,39,28,33,9,6,16,37.6236349166668,25.9382235515503,33.9120310606142,9.84054600295207,6.64038635135774,13.7756101591984
"2698","ENSG00000170345",5289.97444309752,7.59479586547515,2.08460200125552e-186,623,679,451,188,151,284,601.013450079063,629.001921125095,463.464424495061,205.558072061665,167.116389842503,244.517080325772
"2751","ENSG00000120738",5200.61951352856,6.21642841196444,1.7468721046536e-36,467,501,562,199,161,220,450.518910412395,464.108928547382,577.532165335309,217.585406065274,178.183700428099,189.414639688978
"2997","ENSG00000165494",4537.10511886941,1.22986236763185,1.5020036022729e-08,450,433,562,180,192,259,434.118864423079,401.116099922189,577.532165335309,196.810920059041,212.492363243448,222.992689452025
"3088","ENSG00000166189",4337.93052141345,-1.04996610452166,1.11456685082524e-06,26,25,42,6,3,5,25.0824232777779,23.1591281710271,43.1607668044181,6.56036400196805,3.32019317567887,4.30487817474951
"3150","ENSG00000184545",4151.85586494635,1.1273140476389,1.95464966608121e-13,24,15,65,3,1,9,23.1530061025642,13.8954769026162,66.7964248163614,3.28018200098402,1.10673105855962,7.74878071454912
"3171","ENSG00000173334",4056.05330828808,2.23305844280681,1.17241343081533e-42,49,38,81,1,0,3,47.2707207927353,35.2018748199611,83.2386216942349,1.09339400032801,0,2.58292690484971
"3178","ENSG00000116285",3985.8812591812,1.45587272247216,1.56923733604448e-13,193,189,132,313,433,522,186.18875740812,175.083008972965,135.648124242457,342.232322102666,479.214548356317,449.429281443849
"3300","ENSG00000115963",3898.39039776057,1.28432115795755,5.64076446639493e-09,7,7,24,0,1,2,6.75296011324789,6.48455588788758,24.6632953168103,0,1.10673105855962,1.7219512698998
"3443","ENSG00000173530",3684.09929186905,1.29613037106079,8.11698652798523e-17,106,129,119,18,41,55,102.259110286325,119.5011013625,122.288839279185,19.6810920059041,45.3759734009445,47.3536599222446
"3547","ENSG00000128016",3424.54417482437,1.00698865319023,2.21843946953784e-05,536,464,1185,35,20,66,517.083802957267,429.833418854262,1217.75020626751,38.2687900114803,22.1346211711925,56.8243919066935
"3820","ENSG00000141682",3244.61519891796,1.01841523639282,4.45300340401399e-05,55,39,31,11,4,6,53.0589723183763,36.1282399468022,31.85675645088,12.0273340036081,4.42692423423849,5.16585380969941
"3964","ENSG00000267519",3190.38553651857,1.99981957252583,2.09479589563337e-29,35,36,44,12,15,12,33.7648005662395,33.349144566279,45.2160414141523,13.1207280039361,16.6009658783943,10.3317076193988
"4135","ENSG00000070495",2956.41322142728,1.02292772563557,3.01406252274189e-07,3596,3662,4315,792,753,864,3469.0920810342,3392.34909449204,4434.25497050153,865.968048259782,833.368487095396,743.882948596715
"4239","ENSG00000167173",2875.648323083,-1.03012059096366,2.32143329951946e-06,4854,4883,3846,949,1104,1191,4682.69548424361,4523.440914365,3952.29307451886,1037.63090631128,1221.83108864982,1025.42198122533
"4492","ENSG00000013441",2863.52741499436,1.11943473153746,3.57255852562092e-05,2238,2031,2840,324,316,340,2159.01781906411,1881.44757261424,2918.48994582256,354.259656106274,349.727014504841,292.731715882967
"4508","ENSG00000163874",2861.82244876923,1.99241458259125,1.78408543819913e-17,5337,6912,4896,1529,2287,3025,5148.64973205772,6403.03575672556,5031.31224462931,1671.79942650152,2531.09393092586,2604.45129572345
"4560","ENSG00000184205",2792.29696606168,1.106787253923,7.71795176633398e-11,5709,6914,5463,1521,2291,2544,5507.52132664746,6404.88848697924,5613.98259648896,1663.0522744989,2535.5208551601,2190.32201531255
"4579","ENSG00000113916",2740.55224155232,2.00251512214797,3.51986015826085e-34,47,35,58,118,63,137,45.3413036175216,32.4227794394379,59.6029636822917,129.020492038705,69.7240566892562,117.953661988137
"4611","ENSG00000124216",2433.27658511082,3.62946560372759,4.39148382031385e-13,387,491,536,76,65,125,373.342223403848,454.845277278971,550.813595408764,83.0979440249286,71.9375188063755,107.621954368738
"4707","ENSG00000120129",2420.12620950027,3.18057987732194,1.46369503237707e-39,138,148,141,47,63,95,133.129785089744,137.10203877248,144.896859986261,51.3895180154164,69.7240566892562,81.7926853202407
"4782","ENSG00000096717",2350.50230252479,1.12788639465984,9.91712482405957e-07,49,55,29,16,20,10,47.2707207927353,50.9500819762595,29.8014818411458,17.4943040052481,22.1346211711925,8.60975634949902
"4821","ENSG00000113070",2289.81927166328,2.20940522785814,1.39726519403907e-36,2228,2118,2240,563,494,494,2149.37073318804,1962.04133864941,2301.9075629023,615.580822184668,546.725142928454,425.321963665252
"4824","ENSG00000187678",2200.20610612753,2.47317615298744,1.79989676466616e-51,1703,1674,1710,236,234,318,1642.89872469445,1550.73522233197,1757.25979132274,258.04098407741,258.975067702952,273.790251914069
"4908","ENSG00000126368",2016.74535202129,1.02888103559267,7.35434470581895e-08,1457,1211,1270,37,62,70,1405.58041214317,1121.82816860455,1305.09937718121,40.4555780121363,68.6173256306966,60.2682944464932
"4955","ENSG00000209082",1989.06681629722,1.28106529031503,1.38489926618392e-10,96,82,90,16,34,41,92.6120244102568,75.9619404009687,92.4873574380388,17.4943040052481,37.6288559910272,35.300001032946
"5009","ENSG00000184557",1941.17133203366,2.05532390134632,1.06972289742505e-19,3953,3231,6103,491,399,539,3813.49304680985,2993.08572482354,6271.6704716039,536.856454161052,441.585692365289,464.065867237997
"5054","ENSG00000205189",1876.6230472167,1.36112351806074,1.89946854600463e-08,21,42,38,3,0,1,20.2588803397437,38.9073353273255,39.0502175849497,3.28018200098402,0,0.860975634949902
"5092","ENSG00000005073",1795.2129938419,-1.03611967761875,1.45017697750661e-06,8036,6651,16422,128,135,145,7752.39821000858,6161.25445862004,16875.8598205275,139.954432041985,149.408692905549,124.841467067736
"5248","ENSG00000170542",1791.87657899986,1.06438885334101,1.72343611917695e-08,9518,10592,8695,2915,4282,4989,9182.09633684192,9812.05942350074,8935.30636581942,3187.24351095614,4739.0223927523,4295.40744276506
"5321","ENSG00000127528",1779.90074611336,1.77102115234727,3.31878984576253e-18,230,166,314,5,1,2,221.882975149574,153.77661105562,322.678113728269,5.46697000164004,1.10673105855962,1.7219512698998
"5372","ENSG00000164920",1750.43710529469,2.81324107365258,2.29823440512157e-70,12312,10542,10733,3577,3508,4238,11877.4921306154,9765.74116715869,11029.6311931386,3911.07033917328,3882.41255342716,3648.81474091768
"5429","ENSG00000177352",1742.49463713692,-1.09814542894159,1.26920375996706e-07,53,42,73,2,14,13,51.1295551431626,38.9073353273255,75.0175232552981,2.18678800065602,15.4942348198347,11.1926832543487
"5484","ENSG00000073756",1662.56059817805,1.43255243630924,4.16327175615136e-08,3796,2939,6932,395,270,419,3662.03379855557,2722.58710778594,7123.58179733872,431.890630129563,298.817385811098,360.748791044009
"5623","ENSG00000175906",1645.25698151269,1.58346239757492,1.52088719404322e-15,1323,1293,1288,416,416,465,1276.30946140385,1197.79010900552,1323.59684866882,454.851904136451,460.400120360803,400.353670251705
"5698","ENSG00000139318",1613.06205200077,2.14267146656013,2.00543514693768e-39,82458,67273,80382,533,498,690,79547.940716885,62319.3611779801,82603.5418398271,582.779002174828,551.152067162692,594.073188115432
"5776","ENSG00000007944",1581.02493537916,1.85771797999901,2.34097457741239e-23,30,31,31,3,1,7,28.9412576282053,28.7173189320736,31.85675645088,3.28018200098402,1.10673105855962,6.02682944464931
"5814","ENSG00000085433",1497.54780046081,1.44494968276191,2.00689571579482e-11,2998,2620,2725,1357,1231,1318,2892.19634564531,2427.07663232364,2800.31165576284,1483.73565844511,1362.3859330869,1134.76588686397
"5927","ENSG00000174010",1487.65739345739,1.41038249505869,1.18017948490002e-08,2981,2392,3083,845,596,971,2875.796299656,2215.86538340387,3168.20581090526,923.917930277166,659.611710901535,836.007341536355
"5977","ENSG00000153234",1425.03667890841,3.04735529428069,4.95965472726694e-56,4201,3944,5852,2124,2208,2394,4052.74077653634,3653.58406026123,6013.73350808226,2322.36885669669,2443.66217729965,2061.17567007007
"5991","ENSG00000118515",1333.49126058635,2.01590892543343,7.29889911604713e-27,67,45,53,9,13,14,64.6354753696584,41.6864307078487,54.4647771579562,9.84054600295207,14.3875037612751,12.0536588892986
"5999","ENSG00000115844",1325.94562066583,2.80487164575478,8.75264857187645e-44,179,185,152,53,45,59,172.682837181625,171.3775484656,156.200870339799,57.9498820173844,49.802897635183,50.7975624620442
"6135","ENSG00000075618",1321.93207025714,1.18054383235221,3.78564644019767e-06,40,41,78,14,23,21,38.5883435042737,37.9809702004844,80.1557097796336,15.3075160045921,25.4548143468713,18.0804883339479
"6163","ENSG00000036672",1202.47347269859,1.14390910539745,4.15843477716314e-11,1268,924,1164,4,10,6,1223.25048908548,855.96137720116,1196.1698228653,4.37357600131203,11.0673105855962,5.16585380969941
"6173","ENSG00000183508",1179.47843225312,4.64284840261419,4.08686112257422e-97,127,142,112,37,52,67,122.517990626069,131.543848011434,115.095378145115,40.4555780121363,57.5500150451004,57.6853675416434
"6239","ENSG00000135245",1116.00614165895,-1.177206860839,1.7008732197517e-06,75,60,71,25,32,40,72.3531440705132,55.5819076104649,72.9622486455639,27.3348500082002,35.4153938739079,34.4390253979961
"6451","ENSG00000265972",1062.12142861061,-2.50951657145185,1.40051255017934e-22,268,299,335,41,41,80,258.541901478634,276.983172925484,344.258497130478,44.8291540134483,45.3759734009445,68.8780507959922
"6599","ENSG00000172602",1026.64235890287,1.49038874666967,1.53082861679959e-08,10919,9593,8786,3753,4147,4205,10533.6530680791,8886.6206617865,9028.82136056232,4103.50768323101,4589.61369984675,3620.40254496434
"6662","ENSG00000118523",956.950007007265,2.64533817152636,1.21594738983399e-57,422,482,346,830,881,1069,407.107023970087,446.507991137402,355.562507484016,907.517020272246,975.030062591028,920.382953761445
"6873","ENSG00000166289",921.378859569837,-1.02984357928289,7.24284930190812e-06,18590,20863,14597,5776,10526,9151,17933.9326436112,19326.7556412855,15000.421739145,6315.44374589457,11649.4511223986,7878.78803542655
"6913","ENSG00000168140",883.611601495407,1.29514306013498,6.173882641444e-10,13031,14360,8770,4588,5020,6035,12571.1176051048,13302.6032214379,9012.37916368445,5016.4916735049,5555.78991396931,5195.98795692266
"7031","ENSG00000142178",869.000838871751,2.19437020058325,6.00718479393824e-37,807,692,616,1884,1239,1408,778.519830198721,641.044667774029,633.024579798132,2059.95429661797,1371.23978155537,1212.25369400946
"7067","ENSG00000125266",852.217018971192,1.53049630557978,5.24513817120769e-19,429,407,395,86,181,202,413.859984083335,377.030606624321,405.916735422504,94.0318840282087,200.318321599292,173.91707825988
"7116","ENSG00000176125",797.791089166208,-1.05104667142391,5.30259727539509e-06,386,284,297,78,64,67,372.377514816241,263.087696022867,305.208279545528,85.2847320255846,70.8307877478158,57.6853675416434
"7221","ENSG00000162396",701.418589880411,-1.8150115816352,7.6314177277426e-20,122,94,70,169,262,143,117.694447688035,87.0783219230617,71.9346113406968,184.783586055433,289.963537342621,123.119515797836
"7268","ENSG00000132825",668.684593202704,-1.21214340278997,1.15007840028554e-10,51,50,57,20,23,17,49.2001379679489,46.3182563420541,58.5753263774246,21.8678800065602,25.4548143468713,14.6365857941483
"7338","ENSG00000119508",666.974859336377,4.49744128495419,3.93043927131214e-93,9543,9320,7830,2173,2240,2473,9206.21405153209,8633.72298215889,8046.40009710938,2375.94516271276,2479.07757117355,2129.19274523111
"7557","ENSG00000269821",660.331321602229,1.24184901454041,5.18067089122334e-05,29,34,47,5,6,12,27.9765490405984,31.4964143125968,48.2989533287536,5.46697000164004,6.64038635135774,10.3317076193988
"7748","ENSG00000164949",647.49769382782,4.24850649560669,1.0302247795181e-72,63,102,45,6,1,2,60.7766410192311,94.4892429377904,46.2436787190194,6.56036400196805,1.10673105855962,1.7219512698998
"7803","ENSG00000275993",642.862818120998,1.74625614144161,1.13560931472216e-20,2850,2958,2338,517,515,756,2749.4194746795,2740.18804519592,2402.61601877927,565.28469816958,569.966495158206,650.897580022126
"7848","ENSG00000160588",634.421662597848,1.60566708166423,1.25444061284228e-19,112,149,93,24,49,27,108.047361811966,138.028403899321,95.5702693526401,26.2414560078722,54.2298218694215,23.2463421436474
"8148","ENSG00000088727",625.987847903511,1.31887837013733,2.99984806246183e-11,339,363,323,777,618,807,327.036211198719,336.270541043313,331.926849472073,849.567138254862,683.959794189847,694.807337404571
"8155","ENSG00000204839",589.214486937368,1.24269791768136,4.48916199861385e-09,4249,5648,3602,1592,2520,2213,4099.04678874147,5232.11023639843,3701.54957213129,1740.68324852219,2788.96226757025,1905.33908014413
"8200","ENSG00000272899",559.886356504494,1.26001729488994,1.60660624979508e-09,1584,1582,1251,263,297,370,1528.09840276924,1465.50963066259,1285.57426838874,287.562622086266,328.699124392208,318.560984931464
"8218","ENSG00000176401",556.004380936008,-1.08092651939658,6.45658101184604e-05,55,65,40,4,20,13,53.0589723183763,60.2137332446704,41.1054921946839,4.37357600131203,22.1346211711925,11.1926832543487
"8338","ENSG00000129654",549.331404924758,7.33988597985361,8.18435457702889e-80,131,139,101,322,285,305,126.376824976496,128.76475263091,103.791367791577,352.072868105618,315.418351689492,262.59756865972
"8356","ENSG00000260274",545.024699097441,-1.11113151595192,1.0955838829943e-06,134,119,187,24,22,31,129.270950739317,110.237450094089,192.168176010147,26.2414560078722,24.3480832883117,26.690244683447
"8379","ENSG00000141642",537.261311927231,-1.16239136231606,3.98851241425752e-09,243,258,237,57,124,149,234.424186788463,239.002202724999,243.550041253502,62.3234580186964,137.234651261393,128.285369607535
"8439","ENSG00000249709",526.47822693727,-1.36720123072024,1.08926923458934e-11,79,100,115,8,6,11,76.2119784209405,92.6365126841082,118.178290059716,8.74715200262406,6.64038635135774,9.47073198444892
"8568","ENSG00000285796",525.501335853072,-1.07436869774082,1.66155845233957e-07,115,104,126,41,38,67,110.941487574787,96.3419731914726,129.482300413254,44.8291540134483,42.0557802252657,57.6853675416434
"8593","ENSG00000179922",482.74098679905,-1.00992605079385,3.4178060777406e-05,12091,10314,9858,2942,2795,2663,11664.2915327543,9554.52991823892,10130.4485513798,3216.765148965,3093.31330867414,2292.77811587159
"8622","ENSG00000178053",475.775906450601,1.16651495484544,1.10960790119602e-08,9,11,18,2,1,1,8.68237728846158,10.1900163952519,18.4974714876078,2.18678800065602,1.10673105855962,0.860975634949902
"8936","ENSG00000181773",475.384518890668,1.18406097167852,9.22920125281054e-10,136,146,106,20,38,47,131.200367914531,135.249308518798,108.929554315912,21.8678800065602,42.0557802252657,40.4658548426454
"9073","ENSG00000162757",433.259767277211,-1.38780937939124,2.75482936633426e-12,13151,13777,11620,5670,4742,4870,12686.8826356176,12762.5323524896,11941.1454825557,6199.5439818598,5248.11867968973,4192.95134220602
"9633","ENSG00000185670",433.106257802422,-1.35905000092019,1.29483643135817e-10,2727,2551,2563,212,337,369,2630.76031840386,2363.1574385716,2633.83441237437,231.799528069538,372.968366734593,317.700009296514
"9739","ENSG00000188766",420.996240397784,1.0251585600209,3.03073141744953e-05,170,167,261,67,62,100,164.000459893163,154.702976182461,268.213336570313,73.2573980219765,68.6173256306966,86.0975634949902
"9766","ENSG00000277283",401.589841191352,-1.04427260044923,9.83679432532754e-07,92,93,57,6,16,14,88.7531900598295,86.1519567962207,58.5753263774246,6.56036400196805,17.707696936954,12.0536588892986
"10095","ENSG00000102760",385.11188965486,1.4533109527204,5.77333756510869e-10,124,130,111,288,238,387,119.623864863248,120.427466489341,114.067740840248,314.897472094466,263.40199193719,333.197570725612
"10418","ENSG00000108551",380.315871861401,4.2017648789178,1.5909986327662e-09,157,179,216,62,75,107,151.459248254274,165.819357704554,221.969657851293,67.7904280203365,83.0048293919717,92.1243929396395
"10498","ENSG00000212498",371.765928758068,1.04402654152483,2.85530434038964e-06,985,1066,902,270,312,350,950.237958792739,987.505225212594,926.928848990122,295.216380088562,345.300090270602,301.341472232466
"10545","ENSG00000162004",368.145857543154,1.31552660831603,1.33082529192416e-05,25284,22918,29137,10450,8282,9455,24391.6919290514,21230.4359769439,29942.2681519126,11425.9673034277,9165.9466269908,8140.52462845132
"10551","ENSG00000278834",365.236013005237,-1.0145920592257,4.51981595420701e-05,17,27,24,4,3,5,16.4000459893163,25.0118584247092,24.6632953168103,4.37357600131203,3.32019317567887,4.30487817474951
"10662","ENSG00000103044",346.223958412906,1.35044907830021,7.87001844188198e-10,422,456,727,202,150,285,407.107023970087,422.422497839534,747.09232063838,220.865588066258,166.009658783943,245.378055960722
"10714","ENSG00000219891",344.139585329149,1.23713480265841,6.84099627991786e-05,378,303,278,1134,990,1094,364.659846115386,280.688633432848,285.683170753053,1239.90879637196,1095.66374797403,941.907344635193
"10819","ENSG00000104899",340.843850405848,1.15811806056667,1.1166715420082e-06,256,267,218,643,548,664,246.965398427352,247.339488866569,224.024932461027,703.052342210909,606.488620090673,571.687821606735
"10824","ENSG00000175564",339.752910118161,2.01444510527243,5.24633445607564e-18,37771,38830,28501,7874,7277,7399,36438.008062498,35970.7578752392,29288.6908260172,8609.38435858273,8053.68191313837,6370.35872299433
"10881","ENSG00000181016",334.562818153434,2.8365319939549,2.11146570269719e-06,81,105,80,150,203,240,78.1413955961542,97.2683383183136,82.2109843893678,164.009100049201,224.666404887603,206.634152387977
"10916","ENSG00000273419",317.575853499344,1.04531751677528,4.76388004993103e-06,40,33,23,64,61,71,38.5883435042737,30.5700491857557,23.6356580119432,69.9772160209925,67.510594572137,61.1292700814431
"11153","ENSG00000222009",315.861137596841,1.49917324771464,2.11219223403865e-08,3941,3708,6311,1055,1071,1289,3801.91654375856,3434.96189032673,6485.41903101625,1153.53067034605,1185.30896371736,1109.79759345042
"11351","ENSG00000187566",301.739987910265,-1.14883124879429,4.88826610919856e-07,22538,23555,16641,6502,6825,8426,21742.602147483,21820.5305627417,17100.9123902934,7109.24779013271,7553.43947466942,7254.58070008787
"11470","ENSG00000105708",294.632673754396,-1.35405743006715,3.02861546307324e-08,3463,3175,2834,420,379,499,3340.78583888249,2941.20927772044,2912.32412199336,459.225480137763,419.451071194097,429.626841840001
"11482","ENSG00000260257",291.232506655669,1.19499249487245,2.36431531607636e-07,1232,1531,1054,44,83,64,1188.52097993163,1418.2650091937,1083.12971932992,48.1093360144323,91.8586778604487,55.1024406367937
"11559","ENSG00000185614",287.42373927873,-1.33746444327714,3.03166873100213e-09,115,135,121,54,48,75,110.941487574787,125.059292123546,124.344113888919,59.0432760177124,53.1230908108619,64.5731726212427
"11602","ENSG00000256576",283.492518808119,-1.0780873448241,3.23878443508556e-05,6113,7170,6371,1789,2740,3656,5897.26359604063,6642.03795945056,6547.07726930828,1956.08186658681,3032.44310045337,3147.72692137684
"11695","ENSG00000279696",281.548267685901,1.77920780308227,1.7348957171649e-10,24,31,28,0,6,2,23.1530061025642,28.7173189320736,28.7738445362787,0,6.64038635135774,1.7219512698998
"11781","ENSG00000135407",277.512435002923,1.35210929506606,3.27800717078985e-06,3414,2940,2393,6545,4739,5982,3293.51511808976,2723.51347291278,2459.13607054697,7156.26373214681,5244.79848651405,5150.35624827031
"11807","ENSG00000175536",277.48512113052,-1.38198625151796,1.8044871112381e-10,691,657,527,1419,1015,1204,666.613634036328,608.621888334591,541.564859664961,1551.52608646544,1123.33202443802,1036.61466447968
"11987","ENSG00000116741",273.609752215271,2.38478032693478,2.74182698263498e-22,376,315,382,142,117,184,362.730428940173,291.805014954941,392.557450459231,155.261948046577,129.487533851476,158.419516830782
"12032","ENSG00000258441",265.874927420393,4.31430428810422,7.61447829138538e-41,2316,2009,1533,4033,3601,3703,2234.26508889745,1861.06753982373,1575.36798836126,4409.65800332285,3985.3385418732,3188.19277621949
"12188","ENSG00000166963",248.37698218053,1.2379678568556,3.68436308677277e-07,77,62,115,39,38,36,74.2825612457268,57.4346378641471,118.178290059716,42.6423660127923,42.0557802252657,30.9951228581965
"12213","ENSG00000169246",245.408926975702,1.10169741085587,0.000976453290445268,66,64,42,17,33,14,63.6707667820516,59.2873681178293,43.1607668044181,18.5876980055761,36.5221249324675,12.0536588892986
"12287","ENSG00000256771",244.814445338252,-1.03718078403837,0.000857484866795838,1497,1370,1024,528,475,503,1444.16875564744,1269.12022377228,1052.30060018391,577.312032173188,525.697252815821,433.070744379801
"12529","ENSG00000183161",243.6803630203,-1.10164625001236,2.84819378563318e-06,44,46,88,2,1,3,42.447177854701,42.6127958346898,90.4320828283046,2.18678800065602,1.10673105855962,2.58292690484971
"12547","ENSG00000261578",239.206990036598,1.0078380489792,4.88385781358647e-05,345,325,361,82,182,205,332.824462724361,301.068666223352,370.977067057022,89.6583080268966,201.425052657851,176.50000516473
"12707","ENSG00000279520",238.944555234482,1.9533994376457,7.45564319258195e-12,71,70,76,36,28,40,68.4943097200858,64.8455588788758,78.1004351698994,39.3621840118083,30.9884696396694,34.4390253979961
"12787","ENSG00000173762",231.32744376804,1.29644771857012,1.72368777231341e-05,9479,8001,14617,39,50,75,9144.47270192526,7411.8473798555,15020.9744852424,42.6423660127923,55.3365529279811,64.5731726212427
"12818","ENSG00000198576",227.602993296752,2.98414070209792,9.97853191589105e-26,65,107,158,2,8,10,62.7060581944447,99.1210685719958,162.366694169001,2.18678800065602,8.85384846847698,8.60975634949902
"12842","ENSG00000143217",214.836955642302,-1.37057422096193,2.84361589450526e-08,2688,2690,2129,938,1201,1305,2593.13668348719,2491.92219120251,2187.83982206205,1025.60357230767,1329.18400133011,1123.57320360962
"13002","ENSG00000210100",213.977342570659,1.02485732906931,1.94129709661523e-05,16735,14142,20850,7550,6051,7062,16144.3982136005,13100.6556237866,21426.237806479,8255.12470247646,6696.82963534428,6080.20993401621
"13074","ENSG00000197405",213.316125556536,1.07080898793825,0.00046217565424805,36,19,22,5,2,12,34.7295091538463,17.6009374099806,22.6080207070762,5.46697000164004,2.21346211711925,10.3317076193988
"13128","ENSG00000157429",210.936017825018,-1.36501297924119,7.42802056964057e-09,71,71,58,7,13,9,68.4943097200858,65.7719240057168,59.6029636822917,7.65375800229605,14.3875037612751,7.74878071454912
"13148","ENSG00000279253",207.327578052052,1.03537704448502,2.7145538816438e-05,85,87,105,21,16,18,82.0002299465816,80.5937660351742,107.901917011045,22.9612740068882,17.707696936954,15.4975614290982
"13239","ENSG00000289009",202.538687466404,-1.03204230008537,2.23391896515712e-05,54,72,119,3,0,2,52.0942637307695,66.6982891325579,122.288839279185,3.28018200098402,0,1.7219512698998
"13334","ENSG00000248593",202.415670229602,1.24987574223276,2.12353908429377e-07,1285,1364,1984,614,488,472,1239.65053507479,1263.56203301124,2038.83241285632,671.343916201397,540.084756577096,406.380499696354
"13483","ENSG00000274104",202.01101608748,-1.01014655476375,0.000160545675014719,7821,6899,5966,1409,1284,1519,7544.98586367311,6390.99301007663,6130.88416083711,1540.59214646216,1421.04267919056,1307.8219894889
"13518","ENSG00000179476",201.668927950798,-1.05223690809512,0.000107463200372882,5473,5845,4878,1937,2051,2334,5279.85009997225,5414.60416638613,5012.8147731417,2117.90417863535,2269.90540110579,2009.51713197307
"13568","ENSG00000261094",200.534230814048,1.31970860269483,3.09654501791617e-06,410,357,252,156,125,109,395.530520918805,330.712350282266,258.964600826509,170.569464051169,138.341382319953,93.8463442095393
"13597","ENSG00000240370",198.597955276414,1.61997559342594,1.92982179457608e-11,183,214,291,12,30,30,176.541671532052,198.242137143992,299.042455716325,13.1207280039361,33.2019317567887,25.8292690484971
"13614","ENSG00000259230",196.142062557944,-1.33608024841826,2.10189660923318e-06,2291,2450,1952,499,983,937,2210.14737420727,2269.59456076065,2005.94801910058,545.603606163676,1087.91663056411,806.734169948058
"13688","ENSG00000135625",192.41239628328,2.14380589552595,1.28769644094824e-16,30,25,24,4,5,3,28.9412576282053,23.1591281710271,24.6632953168103,4.37357600131203,5.53365529279811,2.58292690484971
"13713","ENSG00000277502",182.554994362753,1.08525540521546,0.00143215676465609,66,99,57,121,144,180,63.6707667820516,91.7101475572671,58.5753263774246,132.300674039689,159.369272432586,154.975614290982
"13893","ENSG00000143387",174.136651609098,1.1257506007474,0.00101098484638969,167,159,149,411,346,431,161.106334130343,147.292055167732,153.117958425198,449.384934134811,382.928946261629,371.080498663408
"13895","ENSG00000131471",173.14445829083,2.45448017117916,7.6314177277426e-20,18,18,32,2,6,9,17.3647545769232,16.6745722831395,32.8843937557471,2.18678800065602,6.64038635135774,7.74878071454912
"13899","ENSG00000279086",171.214054067268,1.75478797405139,2.15711286202756e-12,528,614,541,88,154,160,509.366134256413,568.788187880425,555.9517819331,96.2186720288647,170.436583018182,137.756101591984
"13906","ENSG00000273599",168.814379750477,4.14748553412876,1.42843785554533e-42,24527,20441,19053,8460,7735,8536,23661.407528233,18935.8295577586,19579.5735696328,9250.11324277495,8560.56473795868,7349.28801993236
"13966","ENSG00000187626",168.240907014452,-1.20168335909353,9.40336057241455e-06,2768,2229,2594,900,703,823,2670.31337049574,2064.86786772877,2665.69116882525,984.054600295207,778.031934167415,708.582947563769
"14002","ENSG00000286207",166.989564411939,1.71845645813849,1.81947052821462e-07,560,514,527,1253,837,1083,540.236809059832,476.151675196316,541.564859664961,1370.02268241099,926.333896014404,932.436612650744
"14028","ENSG00000254815",165.262155944133,1.15416426144076,0.000334917519560607,122,126,85,42,37,61,117.694447688035,116.722005981976,87.3491709137033,45.9225480137763,40.949049166706,52.519513731944
"14064","ENSG00000271918",158.840269202272,-1.01173434086581,0.0002684192300238,390,494,230,725,648,878,376.236349166668,457.624372659495,236.356580119433,792.710650237806,717.161725946635,755.936607486014
"14239","ENSG00000267598",158.153013443487,1.51112019883866,5.63312766584558e-06,32,47,58,1,3,5,30.8706748034189,43.5391609615309,59.6029636822917,1.09339400032801,3.32019317567887,4.30487817474951
"14261","ENSG00000255513",157.752585724838,1.38401215308006,6.79956253518735e-06,1180,1083,1155,2664,1983,2345,1138.35613337607,1003.25343236889,1186.9210871215,2912.80161687381,2194.64768912373,2018.98786395752
"14264","ENSG00000186446",155.83467070681,-1.4278254160324,3.859010666868e-08,39,58,50,16,20,23,37.6236349166668,53.7291773567828,51.3818652433549,17.4943040052481,22.1346211711925,19.8024396038477
"14297","ENSG00000272589",154.995945099647,1.15983965481364,5.24142564739621e-05,3863,4676,2689,9151,7526,9106,3726.66927392523,4331.6833331089,2763.31671278763,10005.6484970016,8329.25794671972,7840.04413185381
"14320","ENSG00000136149",145.762336691281,-1.10695243675676,0.008218457092658,17723,16886,22088,4386,3699,4887,17097.5302981561,15642.6015318385,22698.4527899045,4795.62608543864,4093.79818561204,4207.58792800017
"14405","ENSG00000186272",145.342108872322,-1.33332503792374,4.89338172275237e-07,638,787,614,242,262,377,615.484078893165,729.049354823932,630.969305188398,264.601348079378,289.963537342621,324.587814376113
"14659","ENSG00000279821",145.240493859949,1.18259089450068,6.68942571502565e-05,394,264,199,2,7,1,380.095183517096,244.560393486046,204.499823668552,2.18678800065602,7.74711740991736,0.860975634949902
"14678","ENSG00000162997",142.155062604769,-1.20790635067007,2.88746478901443e-05,125,158,123,215,296,295,120.588573450855,146.365690040891,126.399388498653,235.079710070522,327.592393333648,253.987812310221
"14688","ENSG00000236255",140.517203069567,1.44256159787501,2.17168100945893e-05,139,146,165,33,42,37,134.094493677351,135.249308518798,169.560155303071,36.0820020108243,46.4827044595041,31.8560984931464
"14708","ENSG00000179388",139.991713619536,6.34769306963055,5.41607921428987e-30,65,98,62,11,9,8,62.7060581944447,90.7837824304261,63.7135129017601,12.0273340036081,9.9605795270366,6.88780507959922
"14711","ENSG00000289207",139.372294358095,-1.06392842864368,0.000236653782139714,107,106,127,50,47,57,103.223818873932,98.1947034451547,130.509937718121,54.6697000164004,52.0163597523023,49.0756111921444
"14751","ENSG00000181894",138.977207390591,-1.06323186795418,0.00100531809450939,64,69,62,14,16,34,61.7413496068379,63.9191937520347,63.7135129017601,15.3075160045921,17.707696936954,29.2731715882967
"14752","ENSG00000272512",138.866297746855,1.33678369524006,1.45017697750661e-06,352,343,295,742,544,607,339.577422837608,317.743238506491,303.153004935794,811.298348243382,602.061695856435,522.612210414591
"14761","ENSG00000198342",138.835696110575,-1.09200736230539,0.000411593744232007,144,144,162,49,55,78,138.918036615385,133.396578265116,166.47724338847,53.5763060160724,60.8702082207792,67.1560995260924
"14949","ENSG00000154252",135.814843298933,1.35906315046065,3.8129220096927e-05,33,35,37,78,109,162,31.8353833910258,32.4227794394379,38.0225802800826,85.2847320255846,120.633685382999,139.478052861884
"14963","ENSG00000224420",134.116600233188,1.72989369458142,7.01520693635415e-10,465,553,779,36,77,141,448.589493237182,512.279915143119,800.529460491469,39.3621840118083,85.2182915090909,121.397564527936
"15030","ENSG00000160117",130.361319027011,1.14547947044633,0.000335579402535948,150,145,234,50,40,45,144.706288141026,134.322943391957,240.467129338901,54.6697000164004,44.2692423423849,38.7439035727456
"15083","ENSG00000289579",129.180596942848,1.41322889393138,9.2765674042272e-07,742,668,629,259,256,354,715.813772004277,618.811904729843,646.383864761405,283.189046084954,283.323150991263,304.785374772265
"15108","ENSG00000173917",124.329698866932,3.21953869914766,1.41086387578558e-20,104,69,103,191,162,204,100.329693111112,63.9191937520347,105.846642401311,208.838254062649,179.290431486659,175.63902952978
"15199","ENSG00000223776",119.578294985273,-1.19278303152127,0.000419108655180426,88,128,128,7,8,21,84.8943557094021,118.574736235659,131.537575022989,7.65375800229605,8.85384846847698,18.0804883339479
"15288","ENSG00000122877",117.77222537726,6.43044191315696,3.29951265878161e-25,34,37,67,8,6,5,32.8000919786326,34.27550969312,68.8516994260955,8.74715200262406,6.64038635135774,4.30487817474951
"15335","ENSG00000260830",115.50956817503,-1.09511729996717,0.0012570884654033,7,15,20,4,0,1,6.75296011324789,13.8954769026162,20.552746097342,4.37357600131203,0,0.860975634949902
"15405","ENSG00000233622",112.650190051182,-1.17982679021806,0.000317298691499677,175,176,129,319,293,377,168.824002831197,163.04026232403,132.565212327856,348.792686104634,324.272200157969,324.587814376113
"15484","ENSG00000283824",111.776815294873,1.71780944830078,1.42184622561776e-08,2375,2059,2534,99,94,72,2291.18289556625,1907.38579616579,2604.03293053323,108.246006032473,104.032719504605,61.990245716393
"15590","ENSG00000262202",111.724377145612,6.58054228381115,9.09860384501406e-13,10888,10877,8783,4728,4854,4939,10503.7471018633,10076.0734846505,9025.73844864772,5169.56683355082,5372.07255824841,4252.35866101757
"15659","ENSG00000185955",111.613842635725,1.45326003845078,4.28822500427888e-06,3593,3998,4157,1604,1576,2107,3466.19795527138,3703.60777711065,4271.88827633253,1753.80397652612,1744.20814828997,1814.07566283944
"15732","ENSG00000262587",110.149351290004,-1.3892891216602,1.60912358820679e-05,74,107,101,6,20,35,71.3884354829063,99.1210685719958,103.791367791577,6.56036400196805,22.1346211711925,30.1341472232466
"15744","ENSG00000174599",110.100300246667,-1.05957908695559,0.00204049630784171,6044,5937,5603,2456,2333,2968,5830.69870349575,5499.82975805551,5757.85181917035,2685.37566480559,2582.0035596196,2555.37568453131
"15745","ENSG00000128271",109.801933016939,1.65964617213318,4.87439228169183e-09,3100,2456,4011,704,761,752,2990.59662158121,2275.1527515217,4121.85322982193,769.749376230917,842.222335563873,647.453677482326
"15777","ENSG00000269855",109.531289200917,5.86950887838849,4.54779429971526e-27,37,33,51,11,8,12,35.6942177414532,30.5700491857557,52.409502548222,12.0273340036081,8.85384846847698,10.3317076193988
"15782","ENSG00000181418",109.529867800569,1.91948094935701,1.75100508482875e-08,48,43,64,16,12,23,46.3060122051284,39.8337004541665,65.7687875114943,17.4943040052481,13.2807727027155,19.8024396038477
"15857","ENSG00000258708",108.071565890674,-1.24916330548302,0.000177707225535967,10007,9755,6991,2599,2289,2590,9653.83883618167,9036.69181233476,7184.21239832588,2841.73100685249,2533.30739304298,2229.92689452025
"16000","ENSG00000239653",107.810107382172,2.07770834426645,5.0666950970412e-07,161,187,156,434,319,474,155.318082604702,173.230278719282,160.311419559267,474.532996142355,353.04720768052,408.102450966254
"16022","ENSG00000179954",103.399078671986,1.26785399326424,5.18067089122334e-05,278,255,218,658,552,627,268.188987354702,236.223107344476,224.024932461027,719.453252215829,610.915544324912,539.831723113589
"16098","ENSG00000117425",103.0058239789,1.02588668643789,0.00317062859379634,146,155,201,55,48,76,140.847453790599,143.586594660368,206.555098278287,60.1366700180404,53.1230908108619,65.4341482561926
"16186","ENSG00000269091",102.757673966634,1.35304364350944,0.000754579375984883,90,86,79,174,211,233,86.8237728846158,79.6674009083331,81.1833470845007,190.250556057073,233.52025335608,200.607322943327
"16225","ENSG00000261360",102.64755916676,-1.20748208180218,8.8045591211143e-05,91,90,80,178,230,270,87.7884814722226,83.3728614156974,82.2109843893678,194.624132058385,254.548143468713,232.463421436474
"16408","ENSG00000287865",100.805248556951,-1.33645750967004,2.04262511698016e-05,61,53,48,78,109,129,58.8472238440174,49.0973517225774,49.3265906336207,85.2847320255846,120.633685382999,111.065856908537
"16461","ENSG00000210112",99.7256617273846,1.41190085072878,5.746129290037e-06,15,18,16,0,6,0,14.4706288141026,16.6745722831395,16.4421968778736,0,6.64038635135774,0
"16462","ENSG00000226396",98.9311219168411,1.42902213809868,6.34007838754203e-05,176,187,214,414,358,463,169.788711418804,173.230278719282,219.914383241559,452.665116135795,396.209718964345,398.631718981805
"16478","ENSG00000196338",97.3235495404433,1.08214809236749,0.00177165208805278,115,109,91,242,222,225,110.941487574787,100.973798825678,93.5149947429059,264.601348079378,245.694295000236,193.719517863728
"16490","ENSG00000273820",96.5295201618284,-1.15346182357561,0.000311303087583206,3970,3506,3998,617,630,747,3829.89309279916,3247.83613470483,4108.49394485866,674.624098202381,697.240566892562,643.148799307577
"16561","ENSG00000239559",95.9342631717266,-1.1719764907492,0.00921895376819784,47,40,44,3,10,10,45.3413036175216,37.0546050736433,45.2160414141523,3.28018200098402,11.0673105855962,8.60975634949902
"16704","ENSG00000288612",95.3583637750871,1.30387787425222,0.000383446233368797,37,35,34,12,14,12,35.6942177414532,32.4227794394379,34.9396683654813,13.1207280039361,15.4942348198347,10.3317076193988
"16775","ENSG00000260339",93.5712326869339,-1.00534037933907,0.00414566543906821,650,544,548,194,290,347,627.060581944447,503.942629001549,563.14524306717,212.118436063633,320.952006982291,298.758545327616
"16833","ENSG00000272092",92.9444672229688,-1.12603516667868,0.00203357109730746,45,62,54,7,21,18,43.4118864423079,57.4346378641471,55.4924144628233,7.65375800229605,23.2413522297521,15.4975614290982
"16835","ENSG00000179564",92.2207937437825,1.94666105088723,1.02338726951407e-09,31,29,66,15,17,9,29.9059662158121,26.8645886783914,67.8240621212285,16.4009100049201,18.8144279955136,7.74878071454912
"16837","ENSG00000261068",91.8184120787955,1.94530415585814,3.73622711154777e-10,87,91,99,38,30,41,83.9296471217953,84.2992265425385,101.736093181843,41.5489720124643,33.2019317567887,35.300001032946
"16997","ENSG00000241357",90.1367778078091,1.49533084124815,2.98418846018012e-06,20,37,61,1,5,7,19.2941717521368,34.27550969312,62.685875596893,1.09339400032801,5.53365529279811,6.02682944464931
"17043","ENSG00000165272",89.5140721728448,1.0240215996569,0.00326097743266582,138,138,132,44,69,73,133.129785089744,127.838387504069,135.648124242457,48.1093360144323,76.364443040614,62.8512213513429
"17052","ENSG00000260317",89.1289725056051,1.72754151711291,1.32547083606688e-06,12,16,15,1,2,1,11.5765030512821,14.8218420294573,15.4145595730065,1.09339400032801,2.21346211711925,0.860975634949902
"17230","ENSG00000279908",88.1710813369755,-1.16542547683915,0.000976453290445268,19,12,6,1,0,0,18.32946316453,11.116381522093,6.16582382920259,1.09339400032801,0,0
"17387","ENSG00000268798",87.7436765608925,1.27335696886178,0.000455391201242054,254,320,318,91,121,207,245.035981252138,296.436840589146,326.788662947737,99.4988540298487,133.914458085714,178.22195643463
"17429","ENSG00000129749",87.4746962302496,1.24215554102688,0.000298359223887232,51,37,34,13,8,13,49.2001379679489,34.27550969312,34.9396683654813,14.2141220042641,8.85384846847698,11.1926832543487
"17440","ENSG00000089692",86.1907816527247,3.32656033799308,9.8953121485986e-17,34,44,42,52,99,160,32.8000919786326,40.7600655810076,43.1607668044181,56.8564880170564,109.566374797403,137.756101591984
"17639","ENSG00000204099",85.7148221305711,1.02144100658616,0.00487497097405911,87,90,94,25,41,56,83.9296471217953,83.3728614156974,96.5979066575072,27.3348500082002,45.3759734009445,48.2146355571945
"17661","ENSG00000235217",85.663941632714,2.39815569687961,2.74624839783595e-12,32,25,29,34,62,94,30.8706748034189,23.1591281710271,29.8014818411458,37.1753960111523,68.6173256306966,80.9317096852908
"17687","ENSG00000273888",85.3885903135521,-1.0738929742184,0.00204329051370689,43,50,27,108,83,106,41.4824692670942,46.3182563420541,27.7462072314116,118.086552035425,91.8586778604487,91.2634173046896
"17689","ENSG00000143320",84.8260601371973,2.47806563808438,2.36033222924206e-12,83,98,93,137,172,263,80.0708127713679,90.7837824304261,95.5702693526401,149.794978044937,190.357742072255,226.436591991824
"17761","ENSG00000262903",82.7215263459065,1.05675705509601,0.00562093713177611,376,316,542,41,52,59,362.730428940173,292.731380081782,556.979419237967,44.8291540134483,57.5500150451004,50.7975624620442
"18083","ENSG00000280239",82.4043972764741,1.07504476702055,0.00465563568334125,3,2,2,19,22,4,2.89412576282053,1.85273025368216,2.0552746097342,20.7744860062321,24.3480832883117,3.44390253979961
"19606","ENSG00000213542",82.270599369506,1.80812538567377,6.47989598508427e-08,50,42,34,66,94,104,48.2354293803421,38.9073353273255,34.9396683654813,72.1640040216485,104.032719504605,89.5414660347898
"19720","ENSG00000287707",82.0274266497454,1.05284048522502,0.00908654079307549,116,116,122,58,43,68,111.906196162394,107.458354713566,125.371751193786,63.4168520190244,47.5894355180638,58.5463431765933
"19838","ENSG00000179698",81.2816884996759,1.09218142041628,0.00290589325206622,35,26,52,7,2,4,33.7648005662395,24.0854932978681,53.4371398530891,7.65375800229605,2.21346211711925,3.44390253979961
"19897","ENSG00000144488",80.2226771599785,1.21123418095124,0.000976453290445268,12437,11378,12907,5319,4886,5935,11998.0807040663,10540.1824131978,13263.7146939196,5815.76268774467,5407.48795212232,5109.89039342767
"19945","ENSG00000280422",80.1105475214801,3.16478236842675,6.05639091225799e-18,117,110,102,29,19,51,112.870904750001,101.900163952519,104.819005096444,31.7084260095122,21.0278901126328,43.909757382445
"19997","ENSG00000147174",79.9614576372853,1.84069186085601,2.13570204723982e-07,757,807,980,324,331,383,730.284400818379,747.576657360753,1007.08455876976,354.259656106274,366.327980383235,329.753668185813
"20100","ENSG00000187210",79.042573419556,-1.01186610635501,0.00955899780413067,39,31,31,8,5,5,37.6236349166668,28.7173189320736,31.85675645088,8.74715200262406,5.53365529279811,4.30487817474951
"20104","ENSG00000230069",77.1574624759434,1.04594193751534,0.0170031761375949,2885,3255,2244,677,1233,1220,2783.18427524574,3015.31848786772,2306.01811212177,740.227738222061,1364.59939520401,1050.39027463888
"20118","ENSG00000176236",76.8594559160235,1.20301600931091,0.00124615341123138,55,44,63,2,1,5,53.0589723183763,40.7600655810076,64.7411502066272,2.18678800065602,1.10673105855962,4.30487817474951
"20265","ENSG00000213145",76.2452887827461,1.46813452295548,0.00025020687393655,74,82,84,11,25,13,71.3884354829063,75.9619404009687,86.3215336088362,12.0273340036081,27.6682764639906,11.1926832543487
"21348","ENSG00000107742",76.0766293761838,1.60454312134124,4.69458318340692e-05,22,15,32,1,2,10,21.2235889273505,13.8954769026162,32.8843937557471,1.09339400032801,2.21346211711925,8.60975634949902
"21396","ENSG00000116544",75.6775429092248,-1.21096895111038,0.00682760223839021,3074,2710,2898,999,1274,1136,2965.51419830343,2510.44949373933,2978.09290950485,1092.30060632768,1409.97536860496,978.068321303089
"21405","ENSG00000270964",75.0593680011823,-1.08119551689982,0.00802288236399232,308,303,275,136,130,152,297.130244982907,280.688633432848,282.600258838452,148.701584044609,143.875037612751,130.868296512385
"21407","ENSG00000257512",74.9238208447491,2.08380500167233,4.22466501149671e-08,155,135,156,45,55,62,149.529831079061,125.059292123546,160.311419559267,49.2027300147603,60.8702082207792,53.3804893668939
"21955","ENSG00000068976",74.6802676121855,2.05297524911937,3.82177552608522e-09,513,508,523,232,184,314,494.89550544231,470.59348443527,537.454310445492,253.667408076098,203.638514774971,270.346349374269
"22093","ENSG00000180938",74.6128688968356,-1.76089713437299,1.11456685082524e-06,60,85,82,11,19,29,57.8825152564105,78.741035781492,84.266258999102,12.0273340036081,21.0278901126328,24.9682934135472
"22159","ENSG00000268307",74.569111663115,4.26928994033911,6.76571721125464e-20,155,85,105,43,29,49,149.529831079061,78.741035781492,107.901917011045,47.0159420141043,32.0952006982291,42.1878061125452
"22292","ENSG00000139626",74.2272758474781,1.73375974798738,2.7533555990438e-05,21,14,35,4,0,0,20.2588803397437,12.9691117757752,35.9673056703484,4.37357600131203,0,0
"22295","ENSG00000289092",73.2514541511475,1.44016509526798,5.18360219868695e-05,25,18,45,2,1,2,24.117714690171,16.6745722831395,46.2436787190194,2.18678800065602,1.10673105855962,1.7219512698998
"22332","ENSG00000245975",72.2041690836149,-1.02300465666561,0.00813668671103503,33,40,44,12,8,11,31.8353833910258,37.0546050736433,45.2160414141523,13.1207280039361,8.85384846847698,9.47073198444892
"22373","ENSG00000263874",71.4486534551661,2.37792142380348,2.1484846963397e-10,133,161,104,30,31,49,128.30624215171,149.144785421414,106.874279706178,32.8018200098402,34.3086628153483,42.1878061125452
"23686","ENSG00000271788",70.6587247223162,1.17538627758841,0.00358121870825461,33,28,30,60,48,76,31.8353833910258,25.9382235515503,30.8291191460129,65.6036400196805,53.1230908108619,65.4341482561926
"23725","ENSG00000197566",70.1499814617503,-1.38753450236894,0.00233081867939618,578,544,377,138,270,193,557.601563636755,503.942629001549,387.419263934896,150.888372045265,298.817385811098,166.168297545331
"24114","ENSG00000198331",69.4592633401872,-1.3764974281598,0.000411593744232007,495,523,427,95,170,235,477.530750865387,484.488961337886,438.801129178251,103.872430031161,188.144279955136,202.329274213227
"24600","ENSG00000204666",69.3726912172589,1.70929249013042,6.58123764697832e-06,25,18,19,3,3,2,24.117714690171,16.6745722831395,19.5251087924749,3.28018200098402,3.32019317567887,1.7219512698998
"24875","ENSG00000228242",67.0293607775286,2.34565091627248,1.37623177776112e-10,75,77,73,169,104,231,72.3531440705132,71.3301147667633,75.0175232552981,184.783586055433,115.100030090201,198.885371673427
"25168","ENSG00000260101",66.5516325001997,1.47131305115121,0.000242263988588504,33,36,47,6,17,14,31.8353833910258,33.349144566279,48.2989533287536,6.56036400196805,18.8144279955136,12.0536588892986
"25310","ENSG00000287760",65.2588423772749,-1.17257581211014,0.00269464037208601,185,202,246,56,57,72,178.471088707266,187.125755621899,252.798776997306,61.2300640183684,63.0836703378985,61.990245716393
"25461","ENSG00000271344",64.7801533962488,1.07054135399154,0.0325807662986416,81,82,96,28,36,32,78.1413955961542,75.9619404009687,98.6531812672414,30.6150320091842,39.8423181081464,27.5512203183969
"26195","ENSG00000203709",64.6367704390319,-1.12104981577234,0.00797287243143053,15,14,11,2,0,1,14.4706288141026,12.9691117757752,11.3040103535381,2.18678800065602,0,0.860975634949902
"26658","ENSG00000281183",64.6234179485545,1.16909591262771,0.0367863052544353,128,177,142,30,56,76,123.482699213676,163.966627450872,145.924497291128,32.8018200098402,61.9769392793389,65.4341482561926
"26676","ENSG00000275994",64.2917232410983,-1.04994653228929,0.0241967460610992,27,53,39,65,72,101,26.0471318653847,49.0973517225774,40.0778548898168,71.0706100213205,79.6846362162928,86.9585391299401
"27068","ENSG00000270393",64.1635460388761,1.21238054942607,0.00187986521460257,58,43,68,9,6,18,55.9530980811968,39.8337004541665,69.8793367309626,9.84054600295207,6.64038635135774,15.4975614290982
"27919","ENSG00000198156",64.1376456935565,1.11822316446361,0.009992150895198,109,112,124,24,14,28,105.153236049146,103.752894206201,127.42702580352,26.2414560078722,15.4942348198347,24.1073177785973
"27994","ENSG00000189001",63.3359786080626,1.29500044297209,0.00089979907154873,88,112,39,2,7,15,84.8943557094021,103.752894206201,40.0778548898168,2.18678800065602,7.74711740991736,12.9146345242485
"28071","ENSG00000231083",62.8927712522534,-1.04560165768114,0.0231496895627326,54,23,61,10,15,8,52.0942637307695,21.3063979173449,62.685875596893,10.9339400032801,16.6009658783943,6.88780507959922
"28688","ENSG00000272256",62.2827411858631,1.70699783430319,5.63312766584558e-06,18,28,34,0,0,0,17.3647545769232,25.9382235515503,34.9396683654813,0,0,0
"28866","ENSG00000182308",61.5991269621284,3.23732556878241,4.8785605290703e-14,48,44,54,17,14,26,46.3060122051284,40.7600655810076,55.4924144628233,18.5876980055761,15.4942348198347,22.3853665086975
"28890","ENSG00000277879",61.4236699304073,1.06028703239961,0.0304116045310515,58,74,54,17,19,31,55.9530980811968,68.5510193862401,55.4924144628233,18.5876980055761,21.0278901126328,26.690244683447
"28951","ENSG00000167772",60.9314597109741,1.11466182324654,0.0260056511308717,47,66,43,10,13,16,45.3413036175216,61.1400983715114,44.1884041092852,10.9339400032801,14.3875037612751,13.7756101591984
"29008","ENSG00000289261",59.7261427104364,-1.58694555570391,3.05580383921606e-05,33,35,33,7,13,11,31.8353833910258,32.4227794394379,33.9120310606142,7.65375800229605,14.3875037612751,9.47073198444892
"29122","ENSG00000262050",59.6732315601866,-1.21226711886701,0.00642129957711358,13,7,15,1,0,0,12.5412116388889,6.48455588788758,15.4145595730065,1.09339400032801,0,0
"29136","ENSG00000232303",59.473231800377,1.09600085368959,0.0204020673964963,102,125,95,29,62,59,98.4002759358979,115.795640855135,97.6255439623743,31.7084260095122,68.6173256306966,50.7975624620442
"29455","ENSG00000226421",58.8226873075554,-1.0455581444188,0.0269320056675279,21,21,18,2,7,1,20.2588803397437,19.4536676636627,18.4974714876078,2.18678800065602,7.74711740991736,0.860975634949902
"29670","ENSG00000119737",58.5807472130809,1.52252410710102,0.000385947939648132,45,42,38,4,11,14,43.4118864423079,38.9073353273255,39.0502175849497,4.37357600131203,12.1740416441558,12.0536588892986
"29842","ENSG00000224635",58.4608479500153,1.37262914841804,0.000885987532476548,56,41,30,86,82,81,54.0236809059832,37.9809702004844,30.8291191460129,94.0318840282087,90.751946801889,69.7390264309421
"29919","ENSG00000170458",57.3073689590123,4.02127558805249,6.33140074590813e-14,48,39,32,1,4,3,46.3060122051284,36.1282399468022,32.8843937557471,1.09339400032801,4.42692423423849,2.58292690484971
"30406","ENSG00000279602",55.8786306783342,1.90696168978426,5.15247150805744e-06,24,23,21,4,3,6,23.1530061025642,21.3063979173449,21.5803834022091,4.37357600131203,3.32019317567887,5.16585380969941
"30651","ENSG00000280213",55.7676179722701,1.31854708208357,0.00183386445095239,73,96,82,22,37,56,70.4237268952995,88.9310521767439,84.266258999102,24.0546680072162,40.949049166706,48.2146355571945
"30888","ENSG00000271857",55.6582871300167,-1.10666135286735,0.0276210054614391,94,115,74,13,12,33,90.6826072350432,106.531989586724,76.0451605601652,14.2141220042641,13.2807727027155,28.4121959533468
"31153","ENSG00000184492",55.5216673738143,2.19835849193533,3.87270165068589e-06,14,10,19,1,0,1,13.5059202264958,9.26365126841082,19.5251087924749,1.09339400032801,0,0.860975634949902
"31564","ENSG00000232656",54.8611413403765,2.26297656021563,1.18222348146876e-07,64,68,80,172,134,154,61.7413496068379,62.9928286251936,82.2109843893678,188.063768056417,148.301961846989,132.590247782285
"31659","ENSG00000260368",54.8499780166783,2.93574369519733,1.13672737659047e-11,19,35,40,5,3,14,18.32946316453,32.4227794394379,41.1054921946839,5.46697000164004,3.32019317567887,12.0536588892986
"32043","ENSG00000267898",54.4857672807994,4.70486139629142,1.46740362371408e-16,23,27,38,10,9,10,22.1882975149574,25.0118584247092,39.0502175849497,10.9339400032801,9.9605795270366,8.60975634949902
"32348","ENSG00000171847",54.4437408942902,2.2761282922652,1.5020036022729e-08,72,67,75,36,24,30,69.4590183076926,62.0664634983525,77.0727978650323,39.3621840118083,26.5615454054309,25.8292690484971
"32414","ENSG00000284008",54.2301600346358,1.14388229454151,0.0185530106120838,26,33,16,5,7,0,25.0824232777779,30.5700491857557,16.4421968778736,5.46697000164004,7.74711740991736,0
"32549","ENSG00000257839",54.1722670777751,-1.31510314208328,0.00178763077933356,35,31,26,7,8,12,33.7648005662395,28.7173189320736,26.7185699265445,7.65375800229605,8.85384846847698,10.3317076193988
"32657","ENSG00000276753",53.9365398654491,1.12981120427037,0.0172071280287265,193,132,120,24,28,29,186.18875740812,122.280196743023,123.316476584052,26.2414560078722,30.9884696396694,24.9682934135472
"32778","ENSG00000284602",53.3732447550313,-1.00931151998465,0.0477398807330979,34,50,54,24,13,16,32.8000919786326,46.3182563420541,55.4924144628233,26.2414560078722,14.3875037612751,13.7756101591984
"33296","ENSG00000273297",52.7576727786272,-1.12893757794794,0.0190209517294104,30,28,28,5,6,10,28.9412576282053,25.9382235515503,28.7738445362787,5.46697000164004,6.64038635135774,8.60975634949902
"33330","ENSG00000169962",52.7049971363891,1.01206036692601,0.0305031871991975,215,235,186,40,97,88,207.412346335471,217.695804807654,191.14053870528,43.7357600131203,107.352912680283,75.7658558755914
"33648","ENSG00000284520",52.1726467034954,-1.24255354262437,0.00391042976091182,14,9,18,0,2,1,13.5059202264958,8.33728614156974,18.4974714876078,0,2.21346211711925,0.860975634949902
"33677","ENSG00000143632",51.9808419171993,3.51654760106642,2.19210296193887e-14,75,71,47,16,18,23,72.3531440705132,65.7719240057168,48.2989533287536,17.4943040052481,19.9211590540732,19.8024396038477
"34960","ENSG00000260966",50.9940564443463,1.05130735714029,0.0406024785282253,31,16,20,3,6,6,29.9059662158121,14.8218420294573,20.552746097342,3.28018200098402,6.64038635135774,5.16585380969941
"35139","ENSG00000270210",50.9580437858485,1.74963031038491,5.30926850811776e-05,82,64,37,110,168,108,79.106104183761,59.2873681178293,38.0225802800826,120.273340036081,185.930817838017,92.9853685745894
"35177","ENSG00000242689",50.2838323233959,1.10021767023504,0.02422818743031,164,184,190,12,44,71,158.212208367522,170.451183338759,195.251087924749,13.1207280039361,48.6961665766234,61.1292700814431
"35428","ENSG00000234776",50.0585463561356,1.19001126859557,0.011647588875452,19,16,10,0,4,1,18.32946316453,14.8218420294573,10.276373048671,0,4.42692423423849,0.860975634949902
"35462","ENSG00000130300",49.681094934441,1.04400359716932,0.0325204706435021,313,302,309,73,101,117,301.953787920942,279.762268306007,317.539927203933,79.8177620239446,111.779836914522,100.734149289139
"35558","ENSG00000273008",49.3029125993807,-2.09163989717508,2.50883385928517e-07,40,46,27,14,10,16,38.5883435042737,42.6127958346898,27.7462072314116,15.3075160045921,11.0673105855962,13.7756101591984
"35874","ENSG00000085465",49.0760972505181,2.35282872532155,3.39536815098868e-08,159,132,120,43,46,51,153.388665429488,122.280196743023,123.316476584052,47.0159420141043,50.9096286937426,43.909757382445
"36418","ENSG00000163121",48.5685218960909,-1.09362819312162,0.0254214301025656,69,67,75,22,37,36,66.5648925448721,62.0664634983525,77.0727978650323,24.0546680072162,40.949049166706,30.9951228581965
"36698","ENSG00000205853",47.4267005357764,2.21801245129919,1.39523858202178e-06,51,65,30,6,12,23,49.2001379679489,60.2137332446704,30.8291191460129,6.56036400196805,13.2807727027155,19.8024396038477
"37281","ENSG00000213033",46.4855545944654,1.91415191899691,2.86062739570108e-05,18,22,20,4,4,2,17.3647545769232,20.3800327905038,20.552746097342,4.37357600131203,4.42692423423849,1.7219512698998
"37357","ENSG00000272973",46.314974766084,-1.12963347345133,0.0247554019294637,53,47,47,81,92,116,51.1295551431626,43.5391609615309,48.2989533287536,88.5649140265686,101.819257387485,99.8731736541886
"37368","ENSG00000259940",46.2141039273913,1.13202952777244,0.0184491802518844,26,19,58,7,9,12,25.0824232777779,17.6009374099806,59.6029636822917,7.65375800229605,9.9605795270366,10.3317076193988
"37499","ENSG00000272343",45.793233769067,1.42927496889152,0.00247152247431156,42,23,23,3,6,12,40.5177606794874,21.3063979173449,23.6356580119432,3.28018200098402,6.64038635135774,10.3317076193988
"37738","ENSG00000285480",45.7113617666537,1.81642111601769,7.2501370269554e-05,53,44,67,14,28,17,51.1295551431626,40.7600655810076,68.8516994260955,15.3075160045921,30.9884696396694,14.6365857941483
"37817","ENSG00000219607",45.460600862554,-1.05870509349846,0.0343249740948197,297,328,258,100,105,155,286.518450519232,303.847761603875,265.130424655711,109.339400032801,116.20676114876,133.451223417235
"38511","ENSG00000198221",45.0926193571219,-1.16271120175601,0.0391341387080347,270,363,278,620,710,944,260.471318653847,336.270541043313,285.683170753053,677.904280203365,785.779051577332,812.760999392708
"38966","ENSG00000154479",44.9670321769492,2.68748083512114,1.26317948384478e-08,39,38,43,6,16,17,37.6236349166668,35.2018748199611,44.1884041092852,6.56036400196805,17.707696936954,14.6365857941483
"38974","ENSG00000255150",44.8767313013245,2.90648600323891,1.40901237884931e-09,20,25,18,1,5,8,19.2941717521368,23.1591281710271,18.4974714876078,1.09339400032801,5.53365529279811,6.88780507959922
"39747","ENSG00000273428",44.5865050184204,1.44509730177699,0.00368306329086837,15152,19100,14001,3484,8684,10452,14617.2645194189,17693.5739226647,14387.9499054442,3809.38469714278,9610.85251253176,8998.91733649638
"40876","ENSG00000275549",44.1734533153297,-1.38744616609867,0.00523491494167351,58,67,51,15,16,41,55.9530980811968,62.0664634983525,52.409502548222,16.4009100049201,17.707696936954,35.300001032946
"42032","ENSG00000278192",43.4663270298759,1.57399658764255,0.00839904819617082,16,9,22,0,2,5,15.4353374017095,8.33728614156974,22.6080207070762,0,2.21346211711925,4.30487817474951
"42113","ENSG00000287236",43.3762306967457,1.26570333970281,0.0100496168770728,40,33,62,6,6,6,38.5883435042737,30.5700491857557,63.7135129017601,6.56036400196805,6.64038635135774,5.16585380969941
"42121","ENSG00000285752",42.102825341178,1.14291695707138,0.0375867558103428,47,56,64,5,12,26,45.3413036175216,51.8764471031006,65.7687875114943,5.46697000164004,13.2807727027155,22.3853665086975
"42242","ENSG00000266993",42.0838713602153,2.45626399754839,2.8596895850208e-07,219,210,272,72,85,155,211.271180685898,194.536676636627,279.517346923851,78.7243680236165,94.0721399775679,133.451223417235
"42530","ENSG00000179921",41.9437401317459,1.58470218796136,0.00105395943443964,73,90,82,3,12,17,70.4237268952995,83.3728614156974,84.266258999102,3.28018200098402,13.2807727027155,14.6365857941483
"42858","ENSG00000228360",41.9289407900403,3.28360091181459,1.43335180070832e-08,205,195,298,70,85,106,197.765260459403,180.641199734011,306.235916850395,76.5375800229605,94.0721399775679,91.2634173046896
"43013","ENSG00000275793",41.3312343725533,-1.27554791006217,0.019573019342941,12,19,14,2,0,1,11.5765030512821,17.6009374099806,14.3869222681394,2.18678800065602,0,0.860975634949902
"43264","ENSG00000229719",41.050394121986,1.43191819333888,0.00327561206229863,51,51,56,7,7,6,49.2001379679489,47.2446214688952,57.5476890725575,7.65375800229605,7.74711740991736,5.16585380969941
"43310","ENSG00000172232",41.0139209022326,5.5807667171574,3.26719328378371e-11,179,185,197,438,321,372,172.682837181625,171.3775484656,202.444549058818,478.906572143667,355.260669797639,320.282936201364
"43396","ENSG00000179674",41.0131786894791,2.9323318104486,1.60660624979508e-09,158,203,137,205,353,433,152.423956841881,188.05212074874,140.786310766792,224.145770067242,390.676063671547,372.802449933308
"43580","ENSG00000261888",40.7867349403389,1.88850704971136,0.000195117653792993,29,24,52,5,3,5,27.9765490405984,22.232763044186,53.4371398530891,5.46697000164004,3.32019317567887,4.30487817474951
"43723","ENSG00000236754",40.6069873446921,1.70374396427432,0.000335106957491361,106,161,110,28,15,44,102.259110286325,149.144785421414,113.040103535381,30.6150320091842,16.6009658783943,37.8829279377957
"43892","ENSG00000258469",40.5461568172262,2.38164790925347,2.86598660250894e-06,29,34,33,68,62,103,27.9765490405984,31.4964143125968,33.9120310606142,74.3507920223045,68.6173256306966,88.6804903998399
"44228","ENSG00000253190",39.9729453504319,1.27528758761721,0.0234247921879467,449,412,686,12,26,39,433.154155835472,381.662432258526,704.959191138829,13.1207280039361,28.7750075225502,33.5780497630462
"44254","ENSG00000261335",39.53385662795,-1.14074272684817,0.0316064893079354,51,79,79,10,19,9,49.2001379679489,73.1828450204455,81.1833470845007,10.9339400032801,21.0278901126328,7.74878071454912
"44355","ENSG00000167874",38.8803972552735,1.3260973928937,0.031449812464585,1,1,2,10,11,14,0.964708587606842,0.926365126841082,2.0552746097342,10.9339400032801,12.1740416441558,12.0536588892986
"44458","ENSG00000263893",38.5563241647955,-1.6066103251951,0.00208298333366324,56,64,77,149,110,199,54.0236809059832,59.2873681178293,79.1280724747665,162.915706048873,121.740416441558,171.334151355031
"44917","ENSG00000269961",37.9841447312432,-1.27685400788997,0.0290311654754014,99,120,124,315,192,332,95.5061501730774,111.16381522093,127.42702580352,344.419110103322,212.492363243448,285.843910803368
"45097","ENSG00000277007",37.5703351625836,1.48828800849221,0.0164553310711841,19,27,19,2,1,3,18.32946316453,25.0118584247092,19.5251087924749,2.18678800065602,1.10673105855962,2.58292690484971
"45480","ENSG00000260698",37.4832321137965,2.77719963598495,5.28080658912486e-08,72,65,59,25,29,32,69.4590183076926,60.2137332446704,60.6306009871588,27.3348500082002,32.0952006982291,27.5512203183969
"45601","ENSG00000171786",37.2765399810358,2.71913764827909,3.254827962549e-08,93,134,77,31,39,34,89.7178986474363,124.132926996705,79.1280724747665,33.8952140101682,43.1625112838253,29.2731715882967
"45711","ENSG00000263280",37.2355494017554,-1.20219740279208,0.028499397740631,365,471,417,146,153,234,352.118634476497,436.31797474215,428.52475612958,159.635524047889,169.329851959622,201.468298578277
"45726","ENSG00000248476",36.9456485981126,1.40977351802904,0.0172895612022784,377,410,283,815,581,815,363.695137527779,379.809702004844,290.821357277389,891.116110267326,643.010745023141,701.69514248417
"45757","ENSG00000287089",36.2306473533726,2.62585932368623,2.91554270101498e-05,138,183,105,27,49,47,133.129785089744,169.524818211918,107.901917011045,29.5216380088562,54.2298218694215,40.4658548426454
"45770","ENSG00000136383",36.0088334725012,1.32702752564218,0.0165640092807215,55,68,69,111,105,159,53.0589723183763,62.9928286251936,70.9069740358297,121.366734036409,116.20676114876,136.895125957034
"45790","ENSG00000129437",35.9279736949672,1.41350197068839,0.0228291111857487,81,97,120,7,14,17,78.1413955961542,89.857417303585,123.316476584052,7.65375800229605,15.4942348198347,14.6365857941483
"45984","ENSG00000272263",35.5553893062457,1.45412971881424,0.00807352882570986,37,41,66,5,3,6,35.6942177414532,37.9809702004844,67.8240621212285,5.46697000164004,3.32019317567887,5.16585380969941
"46033","ENSG00000286379",35.4935798981104,3.3345947165354,2.1554024404997e-09,52,74,76,6,7,16,50.1648465555558,68.5510193862401,78.1004351698994,6.56036400196805,7.74711740991736,13.7756101591984
"46120","ENSG00000138829",35.1497681677447,4.46383459821429,1.38489926618392e-10,70,91,67,183,120,162,67.5296011324789,84.2992265425385,68.8516994260955,200.091102060025,132.807727027155,139.478052861884
"46208","ENSG00000268947",34.5062669297833,1.53865430084373,0.0140201922080119,36,48,30,4,11,12,34.7295091538463,44.465526088372,30.8291191460129,4.37357600131203,12.1740416441558,10.3317076193988
"46220","ENSG00000254676",34.0199412408616,1.95554855142232,0.000775794015590944,74,61,77,23,27,51,71.3884354829063,56.508272737306,79.1280724747665,25.1480620075442,29.8817385811098,43.909757382445
"46243","ENSG00000188993",33.7886017384041,1.75384289478251,0.00187905168282761,42,35,97,2,0,1,40.5177606794874,32.4227794394379,99.6808185721085,2.18678800065602,0,0.860975634949902
"46248","ENSG00000184716",33.7476694137668,1.57523970622466,0.00457484666504135,18,11,19,1,0,7,17.3647545769232,10.1900163952519,19.5251087924749,1.09339400032801,0,6.02682944464931
"46262","ENSG00000177363",33.6943403828488,1.26434179478834,0.0276210054614391,27,16,49,0,0,0,26.0471318653847,14.8218420294573,50.3542279384878,0,0,0
"46296","ENSG00000229686",33.1709652638446,1.32513047535889,0.0203163976087616,159,143,148,32,30,52,153.388665429488,132.470213138275,152.09032112033,34.9886080104962,33.2019317567887,44.7707330173949
"46316","ENSG00000262533",33.0027442116217,2.68827789747676,5.16586212361568e-07,284,330,272,71,131,141,273.977238880343,305.700491857557,279.517346923851,77.6309740232885,144.981768671311,121.397564527936
"46318","ENSG00000280407",32.9994884939964,1.7842780058838,0.00206100507026059,27,26,36,3,6,12,26.0471318653847,24.0854932978681,36.9949429752155,3.28018200098402,6.64038635135774,10.3317076193988
"46344","ENSG00000226979",32.940771508289,2.34404638174022,2.14367616759253e-05,15,21,18,32,52,54,14.4706288141026,19.4536676636627,18.4974714876078,34.9886080104962,57.5500150451004,46.4926842872947
"46489","ENSG00000128242",32.8447319814982,2.14771824219066,4.17248320729822e-05,22,25,29,50,45,68,21.2235889273505,23.1591281710271,29.8014818411458,54.6697000164004,49.802897635183,58.5463431765933
"46504","ENSG00000123901",32.3213533001043,2.50586775161639,4.12717531950632e-05,61,73,58,120,136,172,58.8472238440174,67.624654259399,59.6029636822917,131.207280039361,150.515423964109,148.087809211383
"46657","ENSG00000142319",32.0131796974306,2.04237408457531,0.000777918278393574,370,312,304,132,162,178,356.942177414532,289.025919574418,312.401740679598,144.328008043297,179.290431486659,153.253663021083
"46681","ENSG00000261135",31.9088458847107,-1.40677346760061,0.0162397784668293,15,8,12,1,1,1,14.4706288141026,7.41092101472866,12.3316476584052,1.09339400032801,1.10673105855962,0.860975634949902
"46687","ENSG00000273058",31.9086836622832,1.56251997506988,0.00485209853832321,28,11,9,1,4,0,27.0118404529916,10.1900163952519,9.24873574380388,1.09339400032801,4.42692423423849,0
"46869","ENSG00000274080",31.8725078370449,2.12462092219327,5.30538450669382e-05,85,52,61,21,9,22,82.0002299465816,48.1709865957363,62.685875596893,22.9612740068882,9.9605795270366,18.9414639688978
"46902","ENSG00000229808",31.6278100036786,1.94487206308399,0.00026583961106116,31,41,39,97,57,94,29.9059662158121,37.9809702004844,40.0778548898168,106.059218031817,63.0836703378985,80.9317096852908
"46906","ENSG00000235411",31.502555451976,1.31555011151278,0.0403680448955619,36,29,52,2,0,0,34.7295091538463,26.8645886783914,53.4371398530891,2.18678800065602,0,0
"46949","ENSG00000278356",31.2535390050943,-1.23205459838319,0.0480077760809862,176,147,348,0,3,4,169.788711418804,136.175673645639,357.61778209375,0,3.32019317567887,3.44390253979961
"47024","ENSG00000169194",30.2280837469601,4.86541651741639,3.25097225428773e-09,49,56,70,9,10,7,47.2707207927353,51.8764471031006,71.9346113406968,9.84054600295207,11.0673105855962,6.02682944464931
"47035","ENSG00000243410",29.9810944445272,1.80247843352254,0.00450213175168633,67,63,58,182,110,183,64.6354753696584,58.3610029909882,59.6029636822917,198.997708059697,121.740416441558,157.558541195832
"47100","ENSG00000270638",29.6854909493023,-1.23545042977758,0.0484166193514955,106,109,129,43,45,74,102.259110286325,100.973798825678,132.565212327856,47.0159420141043,49.802897635183,63.7121969862928
"47133","ENSG00000118194",29.3768276893467,1.43141274857039,0.0321758011599925,44,26,41,1,0,2,42.447177854701,24.0854932978681,42.133129499551,1.09339400032801,0,1.7219512698998
"47188","ENSG00000260996",29.2781870544399,5.83151589057772,1.36784984607406e-07,24,27,19,53,37,66,23.1530061025642,25.0118584247092,19.5251087924749,57.9498820173844,40.949049166706,56.8243919066935
"47449","ENSG00000288919",29.2053652376742,2.28965870578487,0.000149282685742,134,103,132,20,14,36,129.270950739317,95.4156080646315,135.648124242457,21.8678800065602,15.4942348198347,30.9951228581965
"47459","ENSG00000256448",29.0931962885524,2.92234075537897,2.28740743417427e-07,14,27,18,69,45,57,13.5059202264958,25.0118584247092,18.4974714876078,75.4441860226325,49.802897635183,49.0756111921444
"47521","ENSG00000286952",28.9578913923536,4.03272007887247,1.28671909531989e-08,13,8,23,3,3,0,12.5412116388889,7.41092101472866,23.6356580119432,3.28018200098402,3.32019317567887,0
"48408","ENSG00000288833",28.6682775657659,-1.93226587563149,0.000591016659688317,341,371,272,1404,1124,3068,328.965628373933,343.681462058042,279.517346923851,1535.12517646052,1243.96570982102,2641.4732480263
"48663","ENSG00000228477",28.4182080343802,1.99964031967205,0.00335159543375355,5,2,5,14,17,22,4.82354293803421,1.85273025368216,5.13818652433549,15.3075160045921,18.8144279955136,18.9414639688978
"48896","ENSG00000105697",28.2312563686848,5.37859345396507,2.9417263475735e-08,82,70,68,5,16,18,79.106104183761,64.8455588788758,69.8793367309626,5.46697000164004,17.707696936954,15.4975614290982
"49225","ENSG00000188996",27.9264559550691,1.55107925517675,0.0372507887279041,29,41,26,3,5,9,27.9765490405984,37.9809702004844,26.7185699265445,3.28018200098402,5.53365529279811,7.74878071454912
"49320","ENSG00000205267",27.6930975566627,4.31548550174597,4.54730492812384e-09,5030,4944,5724,1010,1174,1654,4852.48419566242,4579.94918710231,5882.19593305927,1104.32794033129,1299.302262749,1424.05370020714
"49378","ENSG00000275091",26.4681989662714,1.47402088135863,0.0189333001459099,207,205,304,103,63,75,199.694677634616,189.904851002422,312.401740679598,112.619582033785,69.7240566892562,64.5731726212427
"49567","ENSG00000272948",26.2744983849584,-1.57398142285075,0.0156644129255212,91,91,139,5,2,5,87.7884814722226,84.2992265425385,142.841585376527,5.46697000164004,2.21346211711925,4.30487817474951
"49578","ENSG00000250397",25.9864267631639,1.58211368041464,0.0165016061210977,34,31,32,11,7,14,32.8000919786326,28.7173189320736,32.8843937557471,12.0273340036081,7.74711740991736,12.0536588892986
"49690","ENSG00000182676",25.9366196044299,2.80662056034261,1.79629179180142e-05,115,120,198,4,8,10,110.941487574787,111.16381522093,203.472186363685,4.37357600131203,8.85384846847698,8.60975634949902
"49841","ENSG00000260633",25.9087111750307,3.32996324377872,5.13561822700173e-07,130,112,140,50,34,71,125.412116388889,103.752894206201,143.869222681394,54.6697000164004,37.6288559910272,61.1292700814431
"49888","ENSG00000197540",25.44599495894,1.78989466812745,0.00411581431589248,37,40,79,20,15,17,35.6942177414532,37.0546050736433,81.1833470845007,21.8678800065602,16.6009658783943,14.6365857941483
"49937","ENSG00000111834",25.3972313414,1.49806462403923,0.0216306211806793,137,132,184,29,67,78,132.165076502137,122.280196743023,189.085264095546,31.7084260095122,74.1509809234947,67.1560995260924
"50164","ENSG00000279320",25.2393755909906,2.5490953532265,4.40425651714766e-05,967,837,1048,204,451,528,932.873204215816,775.367611165986,1076.96389550072,223.052376066914,499.13570741039,454.595135253548
"50177","ENSG00000254665",25.2064182924691,2.86278737323889,9.42634126897381e-06,203,169,286,4,2,5,195.835843284189,156.555706436143,293.90426919199,4.37357600131203,2.21346211711925,4.30487817474951
"50218","ENSG00000272735",25.1856263997703,-1.3881012173749,0.0435296017843851,25,27,26,9,5,6,24.117714690171,25.0118584247092,26.7185699265445,9.84054600295207,5.53365529279811,5.16585380969941
"50235","ENSG00000224221",25.1519886954731,1.60114284457951,0.0206403148481642,21,32,16,67,37,55,20.2588803397437,29.6436840589146,16.4421968778736,73.2573980219765,40.949049166706,47.3536599222446
"50364","ENSG00000187944",25.0948665068994,2.46737304677108,6.67970294128521e-05,70,89,84,21,14,36,67.5296011324789,82.4464962888563,86.3215336088362,22.9612740068882,15.4942348198347,30.9951228581965
"50365","ENSG00000230825",24.9951193148916,2.07093968801348,0.00093532265365151,9,10,38,0,0,0,8.68237728846158,9.26365126841082,39.0502175849497,0,0,0
"50462","ENSG00000184697",24.9811099278191,1.9239700196976,0.0022340478998414,93,106,79,34,33,49,89.7178986474363,98.1947034451547,81.1833470845007,37.1753960111523,36.5221249324675,42.1878061125452
"50583","ENSG00000288770",24.8845899317242,-1.73181348823663,0.0107325211074168,24,37,57,1,3,5,23.1530061025642,34.27550969312,58.5753263774246,1.09339400032801,3.32019317567887,4.30487817474951
"50609","ENSG00000240583",24.8496305532936,1.44051307373734,0.0311380095393466,15,25,15,37,36,52,14.4706288141026,23.1591281710271,15.4145595730065,40.4555780121363,39.8423181081464,44.7707330173949
"50816","ENSG00000279838",24.6069488581109,1.47553990350141,0.0355288848640521,40,58,51,72,100,135,38.5883435042737,53.7291773567828,52.409502548222,78.7243680236165,110.673105855962,116.231710718237
"51060","ENSG00000213453",24.2585563892806,1.8631917288834,0.00310566749714956,86,91,94,19,45,63,82.9649385341884,84.2992265425385,96.5979066575072,20.7744860062321,49.802897635183,54.2414650018438
"51298","ENSG00000177238",23.7885441329996,3.90011758636612,2.13570204723982e-07,35,17,33,7,7,7,33.7648005662395,15.7482071562984,33.9120310606142,7.65375800229605,7.74711740991736,6.02682944464931
"51329","ENSG00000110876",23.7773467939341,2.50242522577727,0.000160078131581546,100,114,90,36,30,66,96.4708587606842,105.605624459883,92.4873574380388,39.3621840118083,33.2019317567887,56.8243919066935
"51363","ENSG00000188508",23.6672226649237,1.41451956694529,0.0372215464255994,30,52,28,51,74,105,28.9412576282053,48.1709865957363,28.7738445362787,55.7630940167284,81.8980983334121,90.4024416697397
"51393","ENSG00000273148",23.6429821452083,-1.50632643303161,0.0266502703310958,117,116,93,213,170,251,112.870904750001,107.458354713566,95.5702693526401,232.892922069866,188.144279955136,216.104884372425
"51487","ENSG00000279518",22.9388235567096,2.44214470208851,0.000577498639717535,60,59,61,149,91,138,57.8825152564105,54.6555424836239,62.685875596893,162.915706048873,100.712526328926,118.814637623086
"51540","ENSG00000260948",22.8172466088497,2.02729431161684,0.00246458116209482,11,9,16,0,1,0,10.6117944636753,8.33728614156974,16.4421968778736,0,1.10673105855962,0
"51576","ENSG00000287507",21.9522671396159,2.41700620627153,0.00045782882467472,92,118,86,23,25,40,88.7531900598295,109.311084967248,88.3768082185704,25.1480620075442,27.6682764639906,34.4390253979961
"51579","ENSG00000246130",21.7053949197969,1.86200770956508,0.0208905206269637,45,61,55,22,11,24,43.4118864423079,56.508272737306,56.5200517676904,24.0546680072162,12.1740416441558,20.6634152387977
"51617","ENSG00000137875",21.7018301090576,2.23833830530377,0.00107659312046554,58,86,63,28,17,29,55.9530980811968,79.6674009083331,64.7411502066272,30.6150320091842,18.8144279955136,24.9682934135472
"51715","ENSG00000229893",21.6136979398497,1.64546874514826,0.0183523302384744,202,210,202,58,83,94,194.871134696582,194.536676636627,207.582735583154,63.4168520190244,91.8586778604487,80.9317096852908
"51755","ENSG00000196189",21.4849059633209,3.16927639060802,6.14547981545593e-05,194,240,227,69,98,120,187.153465995727,222.32763044186,233.273668204831,75.4441860226325,108.459643738843,103.317076193988
"51837","ENSG00000101306",21.2884053403899,1.66664410368604,0.0208085115647257,14,13,16,34,23,54,13.5059202264958,12.0427466489341,16.4421968778736,37.1753960111523,25.4548143468713,46.4926842872947
"51927","ENSG00000279384",21.2301243136499,2.00409751334157,0.00304035272263675,835,913,698,349,303,318,805.531670651713,845.771360805908,717.290838797234,381.594506114475,335.339510743566,273.790251914069
"51958","ENSG00000267938",21.0383191615462,1.55982755936344,0.0286461713417725,14,14,13,28,29,64,13.5059202264958,12.9691117757752,13.3592849632723,30.6150320091842,32.0952006982291,55.1024406367937
"51970","ENSG00000270589",20.7870512539775,3.69344681235712,5.23475521525446e-06,25,39,26,69,53,66,24.117714690171,36.1282399468022,26.7185699265445,75.4441860226325,58.65674610366,56.8243919066935
"51992","ENSG00000204421",20.7664260627353,3.07471829170937,4.38678737265719e-05,21,20,17,74,64,102,20.2588803397437,18.5273025368216,17.4698341827407,80.9111560242726,70.8307877478158,87.81951476489
"52018","ENSG00000231194",20.5703151745157,3.83811808170023,1.14510663847351e-06,54,46,47,19,11,18,52.0942637307695,42.6127958346898,48.2989533287536,20.7744860062321,12.1740416441558,15.4975614290982
"52069","ENSG00000279608",20.5388660192113,2.4355164692654,0.000525554951438982,13,12,13,23,37,45,12.5412116388889,11.116381522093,13.3592849632723,25.1480620075442,40.949049166706,38.7439035727456
"52152","ENSG00000286119",20.1729285182863,5.2636355860636,3.55064197611421e-06,42,38,23,64,56,99,40.5177606794874,35.2018748199611,23.6356580119432,69.9772160209925,61.9769392793389,85.2365878600403
"52221","ENSG00000087589",19.9756064541184,1.64152573304511,0.0297026914408914,463,408,446,203,197,212,446.660076061968,377.956971751162,458.326237970726,221.958982066586,218.026018536246,182.526834609379
"52225","ENSG00000262074",19.5363376143305,5.82137122277967,1.82013758625801e-05,64,76,62,12,28,32,61.7413496068379,70.4037496399223,63.7135129017601,13.1207280039361,30.9884696396694,27.5512203183969
"52250","ENSG00000205177",19.4638992949654,2.42130149128527,0.000605350837141426,18,36,36,1,7,5,17.3647545769232,33.349144566279,36.9949429752155,1.09339400032801,7.74711740991736,4.30487817474951
"52309","ENSG00000257225",19.4564155483236,2.9812318587474,0.000109621408324595,293,321,369,15,15,24,282.659616168805,297.363205715987,379.198165495959,16.4009100049201,16.6009658783943,20.6634152387977
"52347","ENSG00000235072",19.3400005858382,1.72447697618959,0.0183523302384744,24,23,20,5,4,8,23.1530061025642,21.3063979173449,20.552746097342,5.46697000164004,4.42692423423849,6.88780507959922
"52420","ENSG00000105641",19.3301002659391,3.03795739714846,0.000988668633353272,65,64,56,114,131,151,62.7060581944447,59.2873681178293,57.5476890725575,124.646916037393,144.981768671311,130.007320877435
"52451","ENSG00000234329",19.2924415674053,1.55121588900821,0.0482750239030362,61,59,50,99,115,130,58.8472238440174,54.6555424836239,51.3818652433549,108.246006032473,127.274071734357,111.926832543487
"52552","ENSG00000009724",18.9190144594748,1.76958271438878,0.0226401777278361,50,63,48,8,10,18,48.2354293803421,58.3610029909882,49.3265906336207,8.74715200262406,11.0673105855962,15.4975614290982
"52562","ENSG00000233760",18.7830928108782,2.09815462482806,0.0102185882288511,154,155,107,248,220,343,148.565122491454,143.586594660368,109.957191620779,271.161712081346,243.480832883117,295.314642787816
"53059","ENSG00000006283",18.7500322883266,1.67351061459149,0.0472829872895862,34,42,44,13,11,18,32.8000919786326,38.9073353273255,45.2160414141523,14.2141220042641,12.1740416441558,15.4975614290982
"53287","ENSG00000263050",18.580190987058,5.18017349185161,6.58123764697832e-06,20,22,33,48,61,83,19.2941717521368,20.3800327905038,33.9120310606142,52.4829120157444,67.510594572137,71.4609777008419
"53363","ENSG00000267397",18.2064511959931,2.45934068499719,0.000957295275530085,24,26,18,2,2,8,23.1530061025642,24.0854932978681,18.4974714876078,2.18678800065602,2.21346211711925,6.88780507959922
"53405","ENSG00000278737",18.0203460167833,3.13776638479298,0.00014834209019328,28,15,31,57,46,72,27.0118404529916,13.8954769026162,31.85675645088,62.3234580186964,50.9096286937426,61.990245716393
"53453","ENSG00000261096",17.8966406850348,2.07228761629094,0.00851337581942578,13,7,17,0,1,2,12.5412116388889,6.48455588788758,17.4698341827407,0,1.10673105855962,1.7219512698998
"53505","ENSG00000247982",17.6186820967527,2.0479615302793,0.0129466120551256,1138,1081,848,271,289,314,1097.83837269659,1001.40070211521,871.436434527299,296.30977408889,319.845275923731,270.346349374269
"53506","ENSG00000105371",17.5979589342699,2.68984458784067,0.000585733609976166,52,44,34,81,56,127,50.1648465555558,40.7600655810076,34.9396683654813,88.5649140265686,61.9769392793389,109.343905638638
"53872","ENSG00000271725",17.4754572733358,1.96719088027782,0.0157793763219903,95,68,66,32,24,46,91.64731582265,62.9928286251936,67.8240621212285,34.9886080104962,26.5615454054309,39.6048792076955
"53994","ENSG00000236194",17.3950730697552,1.99791845729655,0.00848148669864596,61,60,51,6,19,36,58.8472238440174,55.5819076104649,52.409502548222,6.56036400196805,21.0278901126328,30.9951228581965
"54127","ENSG00000120471",17.0595984813255,4.59967562626068,1.40294652483305e-05,245,287,277,547,452,609,236.353603963676,265.866791403391,284.655533448186,598.08651817942,500.242438468949,524.33416168449
"54235","ENSG00000273483",16.8090386172354,2.74097065048034,0.00120291544798889,220,248,295,68,124,161,212.235889273505,229.738551456588,303.153004935794,74.3507920223045,137.234651261393,138.617077226934
"54433","ENSG00000125998",16.6548459192253,3.04559431195243,0.000174810622798731,58,90,107,30,40,49,55.9530980811968,83.3728614156974,109.957191620779,32.8018200098402,44.2692423423849,42.1878061125452
"54593","ENSG00000269937",16.0646996911457,1.89831429801055,0.0206072727131827,38,54,106,18,17,31,36.65892632906,50.0237168494184,108.929554315912,19.6810920059041,18.8144279955136,26.690244683447
"54670","ENSG00000171522",15.4917678348435,2.01577996015502,0.0273188271335676,14,27,17,41,34,57,13.5059202264958,25.0118584247092,17.4698341827407,44.8291540134483,37.6288559910272,49.0756111921444
"54864","ENSG00000213394",15.3419060035742,4.10902183057429,6.68942571502565e-05,29,27,43,0,6,5,27.9765490405984,25.0118584247092,44.1884041092852,0,6.64038635135774,4.30487817474951
"54911","ENSG00000261026",15.2038669722216,9.66725561924069,0.00988060044335156,242,269,236,564,388,488,233.459478200856,249.192219120251,242.522403948635,616.674216184996,429.411650721134,420.156109855552
"55058","ENSG00000174460",14.8756398858338,2.64826626679859,0.00154059260963583,7,4,28,0,0,1,6.75296011324789,3.70546050736433,28.7738445362787,0,0,0.860975634949902
"55115","ENSG00000165863",14.8344178653623,3.30483427132721,0.000394009130202386,277,270,268,82,57,95,267.224278767095,250.118584247092,275.406797704382,89.6583080268966,63.0836703378985,81.7926853202407
"55250","ENSG00000234880",14.2181261254941,2.51357369922623,0.0112546742331606,267,298,294,126,130,147,257.577192891027,276.056807798643,302.125367630927,137.767644041329,143.875037612751,126.563418337636
"55299","ENSG00000175544",13.9166126137288,1.98799370014563,0.0395667909754963,46,54,34,3,10,9,44.3765950299147,50.0237168494184,34.9396683654813,3.28018200098402,11.0673105855962,7.74878071454912
"55349","ENSG00000273687",13.6323082387881,1.93932286758861,0.0303955210305608,28,43,34,8,9,8,27.0118404529916,39.8337004541665,34.9396683654813,8.74715200262406,9.9605795270366,6.88780507959922
"55461","ENSG00000239122",13.3944960841088,2.11184294539884,0.0244931056141584,42,49,30,1,7,14,40.5177606794874,45.391891215213,30.8291191460129,1.09339400032801,7.74711740991736,12.0536588892986
"55463","ENSG00000207980",13.3200120087767,2.44073489257616,0.0177023979783453,385,311,468,62,94,141,371.412806228634,288.099554447577,480.934258677802,67.7904280203365,104.032719504605,121.397564527936
"55523","ENSG00000284387",13.2105547064691,1.94614278685296,0.044139942735485,81,75,114,25,18,27,78.1413955961542,69.4773845130812,117.150652754849,27.3348500082002,19.9211590540732,23.2463421436474
"55529","ENSG00000231940",13.1499017348014,2.34579935977525,0.00880292437014042,32,29,45,4,8,7,30.8706748034189,26.8645886783914,46.2436787190194,4.37357600131203,8.85384846847698,6.02682944464931
"55597","ENSG00000229407",13.0404410823258,9.4480689498735,0.0125385788169316,21,15,29,5,2,5,20.2588803397437,13.8954769026162,29.8014818411458,5.46697000164004,2.21346211711925,4.30487817474951
"55602","ENSG00000160951",13.012307847096,2.45517497606511,0.0072455010542719,427,487,434,67,135,183,411.930566908122,451.139816771607,445.99459031232,73.2573980219765,149.408692905549,157.558541195832
"55710","ENSG00000280053",12.97770417208,3.35361589444704,0.000542098981759552,232,242,153,76,76,115,223.812392324787,224.180360695542,157.228507644666,83.0979440249286,84.1115604505313,99.0121980192387
"55720","ENSG00000286733",12.9731435048604,3.37514436440962,0.00100531809450939,33,32,46,7,15,17,31.8353833910258,29.6436840589146,47.2713160238865,7.65375800229605,16.6009658783943,14.6365857941483
"55770","ENSG00000275703",12.8373376809024,2.48716654794981,0.00875325303774531,51,49,67,104,114,146,49.2001379679489,45.391891215213,68.8516994260955,113.712976034113,126.167340675797,125.702442702686
"55882","ENSG00000279691",12.6568582295024,2.40566319422686,0.0133046367215878,28,21,24,2,1,4,27.0118404529916,19.4536676636627,24.6632953168103,2.18678800065602,1.10673105855962,3.44390253979961
"56011","ENSG00000099985",12.4979747380022,2.81011390175406,0.00455303911095418,90,86,70,36,28,30,86.8237728846158,79.6674009083331,71.9346113406968,39.3621840118083,30.9884696396694,25.8292690484971
"56031","ENSG00000250410",12.4109376305828,2.14296319087483,0.0307793763673467,124,116,106,45,38,78,119.623864863248,107.458354713566,108.929554315912,49.2027300147603,42.0557802252657,67.1560995260924
"56146","ENSG00000213386",12.2614789645299,4.06488233430608,0.000937452940733794,23,26,17,2,4,1,22.1882975149574,24.0854932978681,17.4698341827407,2.18678800065602,4.42692423423849,0.860975634949902
"56163","ENSG00000280387",11.8697188109018,3.14969892402801,0.00198806273307462,47,54,56,22,12,9,45.3413036175216,50.0237168494184,57.5476890725575,24.0546680072162,13.2807727027155,7.74878071454912
"56175","ENSG00000289487",11.8287497397256,9.30873547900194,0.0149111351632466,129,133,180,13,15,20,124.447407801283,123.206561869864,184.974714876078,14.2141220042641,16.6009658783943,17.219512698998
"56320","ENSG00000230519",11.5008167560896,2.48542928676766,0.0198663913462814,137,80,61,20,37,65,132.165076502137,74.1092101472866,62.685875596893,21.8678800065602,40.949049166706,55.9634162717436
"56363","ENSG00000244945",11.4699974950365,2.50692226089825,0.0121445645833268,22,13,20,1,2,1,21.2235889273505,12.0427466489341,20.552746097342,1.09339400032801,2.21346211711925,0.860975634949902
"56860","ENSG00000259442",11.4571460576299,3.39198576308133,0.00125033284554838,7,14,16,0,2,0,6.75296011324789,12.9691117757752,16.4421968778736,0,2.21346211711925,0
"57114","ENSG00000223356",11.439953702058,2.88713150807763,0.00418319391761326,153,202,174,49,57,47,147.600413903847,187.125755621899,178.808891046875,53.5763060160724,63.0836703378985,40.4658548426454
"57195","ENSG00000286677",11.2974403502177,2.43326088958843,0.0294082530019441,91,59,79,33,36,30,87.7884814722226,54.6555424836239,81.1833470845007,36.0820020108243,39.8423181081464,25.8292690484971
"57385","ENSG00000289340",11.1015038478398,5.00680046086757,0.000947289217595715,16,19,29,4,7,5,15.4353374017095,17.6009374099806,29.8014818411458,4.37357600131203,7.74711740991736,4.30487817474951
"57450","ENSG00000284517",11.0090459798842,2.28178302177017,0.0307793763673467,22,15,19,2,6,3,21.2235889273505,13.8954769026162,19.5251087924749,2.18678800065602,6.64038635135774,2.58292690484971
"57453","ENSG00000266521",10.8129779475092,-2.17962470801158,0.0372215464255994,31,38,27,70,66,82,29.9059662158121,35.2018748199611,27.7462072314116,76.5375800229605,73.0442498649351,70.600002065892
"57495","ENSG00000287190",9.78436330852011,2.67129686288865,0.0170498252126827,38,41,31,46,66,105,36.65892632906,37.9809702004844,31.85675645088,50.2961240150884,73.0442498649351,90.4024416697397
"57849","ENSG00000281491",9.66448557100395,3.72551886619807,0.00296169873461774,71,85,64,26,18,15,68.4943097200858,78.741035781492,65.7687875114943,28.4282440085282,19.9211590540732,12.9146345242485
"58088","ENSG00000270212",9.49937435697035,8.98732800910998,0.0228577299754072,63,50,65,17,31,30,60.7766410192311,46.3182563420541,66.7964248163614,18.5876980055761,34.3086628153483,25.8292690484971
"58128","ENSG00000199347",9.22810041009672,-2.82174277926017,0.0325807662986416,363,340,341,559,689,887,350.189217301284,314.964143125968,350.42432095968,611.207246183356,762.53769934758,763.685388200563
"58351","ENSG00000187559",9.03796405441224,2.91775562970802,0.0311380095393466,9,13,29,0,2,1,8.68237728846158,12.0427466489341,29.8014818411458,0,2.21346211711925,0.860975634949902
"58432","ENSG00000261003",9.03335053493787,2.62371143020194,0.0448687735827952,26,39,55,1,2,0,25.0824232777779,36.1282399468022,56.5200517676904,1.09339400032801,2.21346211711925,0
"58515","ENSG00000286035",8.93350725510177,4.05339219954128,0.00612842820932204,230,266,293,38,80,119,221.882975149574,246.413123739728,301.09773032606,41.5489720124643,88.5384846847698,102.456100559038
"58680","ENSG00000287979",8.87466787536102,4.63815595695485,0.00467286377412642,54,63,81,3,9,7,52.0942637307695,58.3610029909882,83.2386216942349,3.28018200098402,9.9605795270366,6.02682944464931
"58974","ENSG00000254574",8.81649742370402,2.76129370806888,0.0337196071664151,26,14,19,0,3,8,25.0824232777779,12.9691117757752,19.5251087924749,0,3.32019317567887,6.88780507959922
"59026","ENSG00000261616",8.66181847110231,3.15354059874436,0.0239329096966227,33,16,24,0,2,5,31.8353833910258,14.8218420294573,24.6632953168103,0,2.21346211711925,4.30487817474951
"59238","ENSG00000264017",8.36469430703729,2.79034092690525,0.0435598312406259,42,50,75,0,5,5,40.5177606794874,46.3182563420541,77.0727978650323,0,5.53365529279811,4.30487817474951
"59374","ENSG00000240270",8.11926301864111,3.08474925671896,0.0241967460610992,65,50,77,3,4,25,62.7060581944447,46.3182563420541,79.1280724747665,3.28018200098402,4.42692423423849,21.5243908737476
"59475","ENSG00000071677",7.98645515295604,8.7407281632412,0.0277494320038682,20,13,19,2,2,4,19.2941717521368,12.0427466489341,19.5251087924749,2.18678800065602,2.21346211711925,3.44390253979961
"59520","ENSG00000255847",7.76868772750133,3.8477342449398,0.00967384985290711,55,72,62,24,27,24,53.0589723183763,66.6982891325579,63.7135129017601,26.2414560078722,29.8817385811098,20.6634152387977
"59783","ENSG00000182896",7.73928912491134,3.00751283123569,0.0395667909754963,32,49,34,2,8,11,30.8706748034189,45.391891215213,34.9396683654813,2.18678800065602,8.85384846847698,9.47073198444892
"59975","ENSG00000196361",7.66345606769051,3.36139178323454,0.0153690407808279,125,98,118,35,52,74,120.588573450855,90.7837824304261,121.261201974318,38.2687900114803,57.5500150451004,63.7121969862928
"60025","ENSG00000039987",7.54517429238124,3.76296038196795,0.0147846885798687,35,49,40,83,83,103,33.7648005662395,45.391891215213,41.1054921946839,90.7517020272246,91.8586778604487,88.6804903998399
"60129","ENSG00000233018",7.37484165377656,4.39683806788847,0.0110571681309531,50,60,66,143,128,157,48.2354293803421,55.5819076104649,67.8240621212285,156.355342046905,141.661575495632,135.173174687135
"60240","ENSG00000236710",7.23585260129041,3.72952341427145,0.0169962226462729,9,18,25,1,1,0,8.68237728846158,16.6745722831395,25.6909326216774,1.09339400032801,1.10673105855962,0
"60486","ENSG00000225724",6.96525242983696,3.6782767660067,0.0182762852837178,139,139,141,30,59,77,134.094493677351,128.76475263091,144.896859986261,32.8018200098402,65.2971324550177,66.2951238911425
"60616","ENSG00000144834",6.9207266442478,3.19579344039442,0.0317111466342012,10,20,6,29,41,44,9.64708587606842,18.5273025368216,6.16582382920259,31.7084260095122,45.3759734009445,37.8829279377957
"60679","ENSG00000106384",6.78824894106754,3.67140509229186,0.0305121191627409,12,15,10,37,36,65,11.5765030512821,13.8954769026162,10.276373048671,40.4555780121363,39.8423181081464,55.9634162717436
"60765","ENSG00000279019",6.68220679864014,5.3085484110563,0.0335636429155778,47,39,62,6,15,8,45.3413036175216,36.1282399468022,63.7135129017601,6.56036400196805,16.6009658783943,6.88780507959922
"60855","ENSG00000275894",6.55404733966277,3.61658997843578,0.0281303106748697,149,138,124,257,244,308,143.741579553419,127.838387504069,127.42702580352,281.002258084298,270.042378288548,265.18049556457
"60937","ENSG00000258591",6.51799814348611,-3.17208621645427,0.0329870133226672,97,115,118,31,38,49,93.5767329978637,106.531989586724,121.261201974318,33.8952140101682,42.0557802252657,42.1878061125452
"61052","ENSG00000283439",6.39628848066931,4.1340021720623,0.0252812391414594,103,82,93,166,164,235,99.3649845235047,75.9619404009687,95.5702693526401,181.503404054449,181.503893603778,202.329274213227
"61105","ENSG00000261610",6.212383030179,3.49460704389528,0.0325807662986416,33,30,29,94,77,94,31.8353833910258,27.7909538052325,29.8014818411458,102.779036030833,85.2182915090909,80.9317096852908
"61184","ENSG00000196900",6.11751041935893,5.1308577733192,0.0334527230826105,20,19,27,0,1,1,19.2941717521368,17.6009374099806,27.7462072314116,0,1.10673105855962,0.860975634949902
"61331","ENSG00000272181",6.08300142361303,5.11539033056966,0.0325807662986416,16,30,27,0,0,0,15.4353374017095,27.7909538052325,27.7462072314116,0,0,0
"61422","ENSG00000230047",5.9222868500185,5.07713450855866,0.0365658035085398,181,225,175,78,61,69,174.612254356838,208.432153539244,179.836528351742,85.2847320255846,67.510594572137,59.4073188115432
